randomnessBatch,roomCount,doorCount,avgConnectivity,graphDiameter,maxDepth,cyclicityMeasure,entryPointCount,doorsOpen,doorsClosed,doorsLocked,lockedDoorFraction,avgEntityDistanceFromEntry,entityClusteringCoefficient,avgHostageTerroristDistance,minHostageTerroristDistance,entityDepthVariance,avgEntityDepth,avgPatrolRouteLength,stationaryGuardCount,patrolCount,roamingGuardCount,hostageGuardianCount,patrolCoverage,avgWaypointCount,totalFurnitureCount,avgFurniturePerRoom,furnitureFloorCoverage,furnishedRoomCount,layoutType,roomSizeCategory,entryType,configRoomCount,configTerroristCount,placementStrategy,hostageRiskLevel,difficultyLevel,randomnessLevel,seedUsed,scenarioId,validationPassed,validationWarnings,errorMessage
low,4,3,1.5000,3,2,0.0000,1,0,2,1,0.3333,12.3512,1.0000,5.6227,2.2392,0.2500,1.5000,3.0000,1,1,0,1,0.5000,1.0000,10,2.5000,0.0308,4,branching,medium,single,4,3,dispersed,medium,3,low,894424294,f58cefe7-947c-4b5c-b7bd-be1987800062,true,,
low,4,3,1.5000,3,2,0.0000,1,0,2,1,0.3333,11.1648,0.3333,12.7750,3.1493,0.2500,1.5000,2.0000,1,1,0,1,0.2500,0.6667,13,3.2500,0.0404,4,branching,medium,single,4,3,dispersed,medium,3,low,399650689,ddd124c2-a829-4bd1-aa59-5d0a97b6feda,true,,
low,4,3,1.5000,3,2,0.0000,1,0,2,1,0.3333,12.1461,0.3333,12.6637,2.6248,0.2500,1.5000,2.0000,1,1,0,1,0.2500,0.6667,15,3.7500,0.0706,4,branching,medium,single,4,3,dispersed,medium,3,low,953555111,f410a2e3-e178-4843-b5dd-5010a596325d,true,,
low,4,3,1.5000,3,2,0.0000,1,0,2,1,0.3333,11.9278,1.0000,5.2387,2.2073,0.2500,1.5000,3.0000,1,1,0,1,0.5000,1.0000,10,2.5000,0.0305,4,branching,medium,single,4,3,dispersed,medium,3,low,258776632,f7e8cac7-68e3-426e-a898-fe786e03d9ec,true,,
low,4,3,1.5000,3,2,0.0000,1,0,2,1,0.3333,11.7405,0.6667,9.3051,2.7167,0.2500,1.5000,3.0000,1,1,0,1,0.5000,1.0000,14,3.5000,0.0637,4,branching,medium,single,4,3,dispersed,medium,3,low,631316681,e717c482-4432-4f74-9f1d-ba9882c0edff,true,,
low,4,3,1.5000,3,2,0.0000,1,0,2,1,0.3333,11.2962,0.3333,12.9474,1.9156,0.2500,1.5000,2.0000,1,1,0,1,0.2500,0.6667,14,3.5000,0.0424,4,branching,medium,single,4,3,dispersed,medium,3,low,946323385,2e6015f3-3855-4c00-b55b-c0c7496636df,true,,
low,4,3,1.5000,3,2,0.0000,1,0,2,1,0.3333,11.6265,0.6667,9.5187,2.6491,0.2500,1.5000,3.0000,1,1,0,1,0.5000,1.0000,13,3.2500,0.0365,4,branching,medium,single,4,3,dispersed,medium,3,low,1863588778,059afca1-a2ea-4c11-8986-c9f668df2de4,true,,
low,4,3,1.5000,3,2,0.0000,1,0,2,1,0.3333,11.8597,1.0000,6.4821,2.0531,0.2500,1.5000,3.0000,1,1,0,1,0.5000,1.0000,13,3.2500,0.0422,4,branching,medium,single,4,3,dispersed,medium,3,low,1704740294,1c657094-f660-4c50-8e4d-aced4c233a21,true,,
low,4,3,1.5000,3,2,0.0000,1,0,2,1,0.3333,12.0048,0.6667,9.4794,2.6287,0.2500,1.5000,2.0000,1,1,0,1,0.2500,0.6667,12,3.0000,0.0359,4,branching,medium,single,4,3,dispersed,medium,3,low,1728450303,492e16e0-cc24-47f3-aabc-9f0d2e1187bd,true,,
low,4,3,1.5000,2,1,0.0000,1,0,2,1,0.3333,7.8554,0.8333,11.4374,10.6783,0.0000,1.0000,2.0000,0,1,1,1,0.2500,1.3333,14,3.5000,0.0528,4,branching,medium,single,4,3,dispersed,medium,3,low,1570326906,75b99971-5555-466a-b5f1-e6ff93da1dd2,true,,
low,4,3,1.5000,3,2,0.0000,1,0,2,1,0.3333,11.5435,0.6667,9.7322,3.3015,0.2500,1.5000,2.0000,1,1,0,1,0.2500,0.6667,16,4.0000,0.0521,4,branching,medium,single,4,3,dispersed,medium,3,low,1797266074,73192ee1-9de6-485d-b2d8-954a29c8a5f7,true,,
low,4,3,1.5000,3,2,0.0000,1,0,2,1,0.3333,12.4128,0.5000,9.4801,2.4240,0.2500,1.5000,3.0000,1,1,0,1,0.5000,1.0000,15,3.7500,0.0748,4,branching,medium,single,4,3,dispersed,medium,3,low,832041354,718e06df-b368-42b1-a044-e98810690f82,true,,
low,4,3,1.5000,3,2,0.0000,1,0,2,1,0.3333,11.8154,0.6667,8.8623,2.0820,0.2500,1.5000,3.0000,1,1,0,1,0.5000,1.0000,13,3.2500,0.0449,4,branching,medium,single,4,3,dispersed,medium,3,low,532165466,a9f26a98-f977-4be4-9a88-4c9f54c63ed3,true,,
low,4,3,1.5000,3,2,0.0000,1,0,2,1,0.3333,12.3925,1.0000,5.6624,2.3816,0.2500,1.5000,3.0000,1,1,0,1,0.5000,1.0000,13,3.2500,0.0544,4,branching,medium,single,4,3,dispersed,medium,3,low,2047876798,b4987d49-e5e5-42ba-a1b6-3312d353e7eb,true,,
low,4,3,1.5000,3,2,0.0000,1,0,2,1,0.3333,12.4831,0.3333,12.6702,2.2067,0.2500,1.5000,2.0000,1,1,0,1,0.2500,0.6667,11,2.7500,0.0389,4,branching,medium,single,4,3,dispersed,medium,3,low,1003925682,de5b51a1-07ee-4dc5-bb25-f4c8e9550758,true,,
low,4,3,1.5000,3,2,0.0000,1,0,2,1,0.3333,10.6928,1.0000,6.5452,1.8088,0.2500,1.5000,3.0000,1,1,0,1,0.5000,1.0000,15,3.7500,0.0474,4,branching,medium,single,4,3,dispersed,medium,3,low,1658555800,5a58e35e-d982-4752-8925-7d9a62d9be4d,true,,
low,4,3,1.5000,3,2,0.0000,1,0,2,1,0.3333,11.6031,0.6667,9.1608,3.4316,0.2500,1.5000,2.0000,1,1,0,1,0.2500,0.6667,14,3.5000,0.0647,4,branching,medium,single,4,3,dispersed,medium,3,low,1943033959,bf526d97-31e3-428d-91f4-4fa3f632a1ce,true,,
low,4,3,1.5000,3,2,0.0000,1,0,2,1,0.3333,11.0580,1.0000,6.7520,2.3202,0.2500,1.5000,3.0000,1,1,0,1,0.5000,1.0000,12,3.0000,0.0359,4,branching,medium,single,4,3,dispersed,medium,3,low,990261160,cd0a55a7-8a00-4ba9-8eef-5a34a3d2bba8,true,,
low,4,3,1.5000,2,1,0.0000,1,0,2,1,0.3333,7.4785,0.6667,10.5632,9.2407,0.0000,1.0000,2.0000,0,1,1,1,0.2500,1.3333,13,3.2500,0.0369,4,branching,medium,single,4,3,dispersed,medium,3,low,805593884,96dff70b-ea43-4dd8-9e8b-18582ab96f07,true,,
low,4,3,1.5000,2,1,0.0000,1,0,2,1,0.3333,7.5876,0.6667,10.4148,3.4800,0.0000,1.0000,2.0000,0,1,1,1,0.2500,1.3333,16,4.0000,0.0564,4,branching,medium,single,4,3,dispersed,medium,3,low,1654746994,0b7d75d7-166a-4798-94dc-b41754d1ae20,true,,
low,4,3,1.5000,3,2,0.0000,1,0,2,1,0.3333,12.6391,1.0000,5.4978,2.2457,0.2500,1.5000,3.0000,1,1,0,1,0.5000,1.0000,11,2.7500,0.0335,4,branching,medium,single,4,3,dispersed,medium,3,low,44901740,0f24fc5f-86a6-43b7-9b44-0f91cbcd4199,true,,
low,4,3,1.5000,3,2,0.0000,1,0,2,1,0.3333,11.9873,0.3333,12.5725,2.0375,0.2500,1.5000,2.0000,1,1,0,1,0.2500,0.6667,13,3.2500,0.0415,4,branching,medium,single,4,3,dispersed,medium,3,low,505667104,2e5f1c59-9348-415e-9576-8082b4ea2de3,true,,
low,4,3,1.5000,3,2,0.0000,1,0,2,1,0.3333,11.8140,1.0000,5.9155,2.5634,0.2500,1.5000,3.0000,1,1,0,1,0.5000,1.0000,12,3.0000,0.0536,4,branching,medium,single,4,3,dispersed,medium,3,low,1823728012,e2a59334-c0da-4dce-9ebe-fa97ef0d4067,true,,
low,4,3,1.5000,2,1,0.0000,1,0,2,1,0.3333,7.6204,0.6667,11.0688,9.7641,0.0000,1.0000,2.0000,0,1,1,1,0.2500,1.3333,13,3.2500,0.0591,4,branching,medium,single,4,3,dispersed,medium,3,low,2077571214,7dce814a-f3c2-4453-bdf9-aa7337ae1f9d,true,,
low,4,3,1.5000,3,2,0.0000,1,0,2,1,0.3333,11.9925,0.6667,8.6823,1.9583,0.2500,1.5000,2.0000,1,1,0,1,0.2500,0.6667,13,3.2500,0.0399,4,branching,medium,single,4,3,dispersed,medium,3,low,2035448484,d269fe50-a363-4ee2-aadb-013d0b28e8cc,true,,
low,4,3,1.5000,2,1,0.0000,1,0,2,1,0.3333,8.2181,0.8333,5.5777,2.1902,0.0000,1.0000,2.0000,0,1,1,1,0.2500,1.3333,16,4.0000,0.0650,4,branching,medium,single,4,3,dispersed,medium,3,low,269956264,898a3b32-432b-4288-bfc5-f7c40b5ea202,true,,
low,4,3,1.5000,2,1,0.0000,1,0,2,1,0.3333,8.1954,1.0000,3.2104,2.6875,0.0000,1.0000,2.0000,0,1,1,1,0.2500,1.3333,16,4.0000,0.0649,4,branching,medium,single,4,3,dispersed,medium,3,low,604917165,e0e3e7c1-a088-4f8b-88f7-14e9c47aa211,true,,
low,4,3,1.5000,2,1,0.0000,1,0,2,1,0.3333,7.8836,0.5000,11.6270,10.7882,0.0000,1.0000,2.0000,0,1,1,1,0.2500,1.3333,14,3.5000,0.0417,4,branching,medium,single,4,3,dispersed,medium,3,low,1832013827,7e9e6763-26d4-4482-a512-4ace25f2a337,true,,
low,4,3,1.5000,3,2,0.0000,1,0,2,1,0.3333,11.6233,0.3333,12.1897,2.2136,0.2500,1.5000,2.0000,1,1,0,1,0.2500,0.6667,10,2.5000,0.0266,4,branching,medium,single,4,3,dispersed,medium,3,low,715861558,699866e2-b6ed-462c-b68b-7a1ce6257fa9,true,,
low,4,3,1.5000,3,2,0.0000,1,0,2,1,0.3333,11.4661,0.6667,9.2547,3.0609,0.2500,1.5000,2.0000,1,1,0,1,0.2500,0.6667,12,3.0000,0.0378,4,branching,medium,single,4,3,dispersed,medium,3,low,204970722,d351d56e-cf31-4a79-942f-21e112dee84b,true,,
low,4,3,1.5000,3,2,0.0000,1,0,2,1,0.3333,11.8885,0.6667,9.2940,1.9423,0.2500,1.5000,2.0000,1,1,0,1,0.2500,0.6667,12,3.0000,0.0519,4,branching,medium,single,4,3,dispersed,medium,3,low,1433299909,a82461b6-2e0d-4296-b40a-dee8ba56bbdd,true,,
low,4,3,1.5000,3,2,0.0000,1,0,2,1,0.3333,11.3102,0.3333,12.4473,2.4540,0.2500,1.5000,2.0000,1,1,0,1,0.2500,0.6667,11,2.7500,0.0295,4,branching,medium,single,4,3,dispersed,medium,3,low,1481377947,229bf5f9-562c-4c7c-996b-02489d62cbe9,true,,
low,4,3,1.5000,2,1,0.0000,1,0,2,1,0.3333,8.5142,0.5000,10.0130,3.6606,0.0000,1.0000,2.0000,0,1,1,1,0.2500,1.3333,13,3.2500,0.0360,4,branching,medium,single,4,3,dispersed,medium,3,low,1996903534,1afa98e5-5f24-4568-a4cc-de12707cfd20,true,,
low,4,3,1.5000,3,2,0.0000,1,0,2,1,0.3333,11.4022,1.0000,7.2891,2.2680,0.2500,1.5000,3.0000,1,1,0,1,0.5000,1.0000,13,3.2500,0.0400,4,branching,medium,single,4,3,dispersed,medium,3,low,1033900602,03c528f5-47c3-4bd1-a4e4-3820223bdcac,true,,
low,4,3,1.5000,3,2,0.0000,1,0,2,1,0.3333,11.9640,0.6667,9.5859,2.0928,0.2500,1.5000,3.0000,1,1,0,1,0.5000,1.0000,16,4.0000,0.0728,4,branching,medium,single,4,3,dispersed,medium,3,low,1914362088,52bf0dd0-feaa-4c6a-920a-5b783d8d5681,true,,
low,4,3,1.5000,3,2,0.0000,1,0,2,1,0.3333,12.1301,1.0000,5.4704,1.9372,0.2500,1.5000,3.0000,1,1,0,1,0.5000,1.0000,13,3.2500,0.0404,4,branching,medium,single,4,3,dispersed,medium,3,low,1858702889,3bf48a33-5617-4604-804c-580b34ea64e6,true,,
low,4,3,1.5000,3,2,0.0000,1,0,2,1,0.3333,12.1946,0.6667,9.6721,1.9201,0.2500,1.5000,3.0000,1,1,0,1,0.5000,1.0000,14,3.5000,0.0577,4,branching,medium,single,4,3,dispersed,medium,3,low,622258267,f76622a1-0654-4c2c-b4e9-ff1bc8e3fdcd,true,,
low,4,3,1.5000,3,2,0.0000,1,0,2,1,0.3333,12.1146,0.6667,9.1926,2.4678,0.2500,1.5000,2.0000,1,1,0,1,0.2500,0.6667,11,2.7500,0.0636,4,branching,medium,single,4,3,dispersed,medium,3,low,1266153313,ceaddd80-beda-4375-a34a-27fbcf4f8399,true,,
low,4,3,1.5000,3,2,0.0000,1,0,2,1,0.3333,11.9433,0.6667,9.0676,2.2934,0.2500,1.5000,3.0000,1,1,0,1,0.5000,1.0000,10,2.5000,0.0298,4,branching,medium,single,4,3,dispersed,medium,3,low,1075458320,2622bb26-5c03-477b-99b0-e85f117632ea,true,,
low,4,3,1.5000,3,2,0.0000,1,0,2,1,0.3333,12.4059,0.6667,9.9764,2.7041,0.2500,1.5000,3.0000,1,1,0,1,0.5000,1.0000,11,2.7500,0.0426,4,branching,medium,single,4,3,dispersed,medium,3,low,151083675,8a8e3559-9295-40b5-89da-4d9a74f43d33,true,,
low,4,3,1.5000,2,1,0.0000,1,0,2,1,0.3333,8.0614,0.3333,12.2717,2.3123,0.0000,1.0000,2.0000,0,1,1,1,0.2500,1.3333,13,3.2500,0.0367,4,branching,medium,single,4,3,dispersed,medium,3,low,105271193,1e7e7178-61d8-458a-bafd-29a6943ba5c4,true,,
low,4,3,1.5000,2,1,0.0000,1,0,2,1,0.3333,7.8121,0.3333,11.9570,3.0334,0.0000,1.0000,2.0000,0,1,1,1,0.2500,1.3333,16,4.0000,0.0463,4,branching,medium,single,4,3,dispersed,medium,3,low,2076304405,bf8638f0-5297-452f-ba33-dfc9a23ea89b,true,,
low,4,3,1.5000,3,2,0.0000,1,0,2,1,0.3333,12.3234,0.3333,12.8439,2.2375,0.2500,1.5000,2.0000,1,1,0,1,0.2500,0.6667,11,2.7500,0.0359,4,branching,medium,single,4,3,dispersed,medium,3,low,359382966,e5586705-eb8b-4971-bdc7-7158e470ce51,true,,
low,4,3,1.5000,3,2,0.0000,1,0,2,1,0.3333,11.0493,0.6667,8.5566,2.4739,0.2500,1.5000,2.0000,1,1,0,1,0.2500,0.6667,12,3.0000,0.0388,4,branching,medium,single,4,3,dispersed,medium,3,low,163406574,dc3c11e3-ef1e-4fdd-aba7-18b52e3cdd0b,true,,
low,4,3,1.5000,3,2,0.0000,1,0,2,1,0.3333,11.9788,0.6667,9.2626,2.1851,0.2500,1.5000,3.0000,1,1,0,1,0.5000,1.0000,11,2.7500,0.0375,4,branching,medium,single,4,3,dispersed,medium,3,low,144709218,4d2c0b5a-6feb-4f8f-93f2-989fe1899860,true,,
low,4,3,1.5000,3,2,0.0000,1,0,2,1,0.3333,11.6916,0.6667,9.1109,2.1350,0.2500,1.5000,2.0000,1,1,0,1,0.2500,0.6667,12,3.0000,0.0390,4,branching,medium,single,4,3,dispersed,medium,3,low,1345256556,8e98d1a3-2092-42c4-a15b-dccf72228895,true,,
low,4,3,1.5000,3,2,0.0000,1,0,2,1,0.3333,11.9671,1.0000,5.6992,2.4326,0.2500,1.5000,3.0000,1,1,0,1,0.5000,1.0000,12,3.0000,0.0362,4,branching,medium,single,4,3,dispersed,medium,3,low,824685843,fd452134-7ac2-4384-a87c-6ae477196e67,true,,
low,4,3,1.5000,3,2,0.0000,1,0,2,1,0.3333,11.6048,1.0000,6.6057,2.6754,0.2500,1.5000,3.0000,1,1,0,1,0.5000,1.0000,13,3.2500,0.0517,4,branching,medium,single,4,3,dispersed,medium,3,low,854892007,8f90c65c-c39a-491e-8bed-34216c5097fb,true,,
low,4,3,1.5000,2,1,0.0000,1,0,2,1,0.3333,7.8776,0.3333,11.8199,2.1621,0.0000,1.0000,2.0000,0,1,1,1,0.2500,1.3333,14,3.5000,0.0378,4,branching,medium,single,4,3,dispersed,medium,3,low,67169460,ea959590-c257-4357-a728-54cb5e0f317f,true,,
low,4,3,1.5000,2,1,0.0000,1,0,2,1,0.3333,7.9819,0.3333,10.9515,2.5968,0.0000,1.0000,2.0000,0,1,1,1,0.2500,1.3333,15,3.7500,0.0515,4,branching,medium,single,4,3,dispersed,medium,3,low,911946853,ca6367c0-a07d-4a0d-8c1c-4629441a8629,true,,
medium,4,3,1.5000,3,2,0.0000,1,0,2,1,0.3333,11.7313,0.5000,10.8017,1.8436,0.2500,1.5000,3.0000,1,1,0,1,0.5000,1.0000,17,4.2500,0.0633,4,branching,medium,single,4,3,dispersed,medium,3,medium,105195221,82aa03a7-993d-4358-b80a-d86d96eff9e8,true,,
medium,4,3,1.5000,3,2,0.0000,1,0,2,1,0.3333,10.0876,1.0000,5.4434,2.0453,0.2500,1.5000,3.0000,1,1,0,1,0.5000,1.0000,15,3.7500,0.0434,4,branching,medium,single,4,3,dispersed,medium,3,medium,1124635802,eb05e796-b76c-4941-9a60-a7018523f69d,true,,
medium,4,3,1.5000,3,2,0.0000,1,0,2,1,0.3333,10.2030,1.0000,5.5056,2.2172,0.2500,1.5000,3.0000,1,1,0,1,0.5000,1.0000,22,5.5000,0.0795,4,branching,medium,single,4,3,dispersed,medium,3,medium,347448613,39a344a2-4071-4074-a981-4d8cbecbc0e6,true,,
medium,4,3,1.5000,3,2,0.0000,1,0,2,1,0.3333,11.1558,0.5000,11.1004,3.4254,0.2500,1.5000,2.0000,1,1,0,1,0.2500,0.6667,19,4.7500,0.0868,4,branching,medium,single,4,3,dispersed,medium,3,medium,1304436803,f8880cd8-d0d6-464b-a70a-60870f33a26a,true,,
medium,4,3,1.5000,3,2,0.0000,1,0,2,1,0.3333,12.3951,0.6667,9.0169,2.0680,0.2500,1.5000,2.0000,1,1,0,1,0.2500,0.6667,20,5.0000,0.0900,4,branching,medium,single,4,3,dispersed,medium,3,medium,609604715,69da10cd-6aa9-4ee3-8c40-bfec88864a36,true,,
medium,4,3,1.5000,3,2,0.0000,1,0,2,1,0.3333,11.9878,0.6667,9.4436,2.1893,0.2500,1.5000,3.0000,1,1,0,1,0.5000,1.0000,18,4.5000,0.0608,4,branching,medium,single,4,3,dispersed,medium,3,medium,388757190,7b44428b-2cf6-4db9-bd48-2976cf133827,true,,
medium,4,3,1.5000,3,2,0.0000,1,0,2,1,0.3333,10.1117,0.5000,9.2215,2.0501,0.2500,1.5000,3.0000,1,1,0,1,0.5000,1.0000,18,4.5000,0.0529,4,branching,medium,single,4,3,dispersed,medium,3,medium,723406324,60f0d6d5-6e2a-40f3-96f7-931fb6920574,true,,
medium,4,3,1.5000,2,1,0.0000,1,0,2,1,0.3333,8.9771,0.5000,9.3151,3.2810,0.0000,1.0000,2.0000,0,1,1,1,0.2500,1.3333,20,5.0000,0.0650,4,branching,medium,single,4,3,dispersed,medium,3,medium,1023467544,d7a81b48-8134-43b6-bcf6-38f78336d2d0,true,,
medium,4,3,1.5000,3,2,0.0000,1,0,2,1,0.3333,8.7687,0.3333,12.0454,2.6537,0.2500,1.5000,2.0000,1,1,0,1,0.2500,0.6667,16,4.0000,0.0483,4,branching,medium,single,4,3,dispersed,medium,3,medium,370811795,1d94141a-6465-45df-9119-c857d81f0015,true,,
medium,4,3,1.5000,2,1,0.0000,1,0,2,1,0.3333,8.5659,0.5000,15.5114,11.7688,0.0000,1.0000,2.0000,0,1,1,1,0.2500,1.3333,22,5.5000,0.1139,4,branching,medium,single,4,3,dispersed,medium,3,medium,361360417,ccc9ccc9-cbf1-4e16-bd1e-b2427c1a7903,true,,
medium,4,3,1.5000,2,1,0.0000,1,0,2,1,0.3333,7.4416,0.5000,10.0450,3.3737,0.0000,1.0000,2.0000,0,1,1,1,0.2500,1.3333,20,5.0000,0.0661,4,branching,medium,single,4,3,dispersed,medium,3,medium,341406220,dd0aa774-01f1-4ebb-b0c1-e19caf7426ec,true,,
medium,4,3,1.5000,3,2,0.0000,1,0,2,1,0.3333,12.1296,0.5000,11.0846,2.4624,0.2500,1.5000,3.0000,1,1,0,1,0.5000,1.0000,16,4.0000,0.0532,4,branching,medium,single,4,3,dispersed,medium,3,medium,31574951,c53da18f-ca33-454e-b6b1-3d93ac976ace,true,,
medium,4,3,1.5000,3,2,0.0000,1,0,2,1,0.3333,9.4771,1.0000,5.5465,2.1877,0.2500,1.5000,2.0000,1,1,0,1,0.2500,0.6667,14,3.5000,0.0357,4,branching,medium,single,4,3,dispersed,medium,3,medium,988878736,ea629d63-a952-441b-ad37-7799d6224c34,true,,
medium,4,3,1.5000,3,2,0.0000,1,0,2,1,0.3333,8.9187,1.0000,6.7860,2.5230,0.2500,1.5000,3.0000,1,1,0,1,0.5000,1.0000,17,4.2500,0.0638,4,branching,medium,single,4,3,dispersed,medium,3,medium,1523479581,dee285f7-d25a-4c13-97cf-934828b2320b,true,,
medium,4,3,1.5000,2,1,0.0000,1,0,2,1,0.3333,8.6340,0.6667,10.1222,3.1597,0.0000,1.0000,2.0000,0,1,1,1,0.2500,1.3333,18,4.5000,0.0626,4,branching,medium,single,4,3,dispersed,medium,3,medium,137026997,2fb8f78f-0ac1-4b4b-9fc5-fb1fec6c1157,true,,
medium,4,3,1.5000,3,2,0.0000,1,0,2,1,0.3333,10.6666,1.0000,7.0837,1.9807,0.2500,1.5000,3.0000,1,1,0,1,0.5000,1.0000,21,5.2500,0.0766,4,branching,medium,single,4,3,dispersed,medium,3,medium,315888127,5fa7731b-9157-49f1-b5f5-c7f9308d6c0f,true,,
medium,4,3,1.5000,3,2,0.0000,1,0,2,1,0.3333,10.3419,1.0000,6.5609,1.8035,0.2500,1.5000,3.0000,1,1,0,1,0.5000,1.0000,17,4.2500,0.0519,4,branching,medium,single,4,3,dispersed,medium,3,medium,982621467,581f8e0a-e5e5-425e-a798-d91d07d93da9,true,,
medium,4,3,1.5000,2,1,0.0000,1,0,2,1,0.3333,7.8835,0.6667,12.9714,10.9723,0.0000,1.0000,2.0000,0,1,1,1,0.2500,1.3333,23,5.7500,0.0812,4,branching,medium,single,4,3,dispersed,medium,3,medium,1645748511,ecc2555f-8169-452e-b2f5-6cf20f986720,true,,
medium,4,3,1.5000,3,2,0.0000,1,0,2,1,0.3333,10.1480,1.0000,6.0379,2.7852,0.2500,1.5000,2.0000,1,1,0,1,0.2500,0.6667,17,4.2500,0.0529,4,branching,medium,single,4,3,dispersed,medium,3,medium,133514710,d1ab881e-c0d7-422d-9e71-d4ca4b16e688,true,,
medium,4,3,1.5000,3,2,0.0000,1,0,2,1,0.3333,9.8511,0.5000,9.4464,2.3653,0.2500,1.5000,3.0000,1,1,0,1,0.5000,1.0000,17,4.2500,0.0587,4,branching,medium,single,4,3,dispersed,medium,3,medium,1292706440,f3b41fc6-8a3f-4b0e-bba1-05e6863d072c,true,,
medium,4,3,1.5000,3,2,0.0000,1,0,2,1,0.3333,11.1979,0.5000,11.2178,3.1012,0.2500,1.5000,2.0000,1,1,0,1,0.2500,0.6667,18,4.5000,0.0695,4,branching,medium,single,4,3,dispersed,medium,3,medium,1036297533,fb50222a-1579-4c60-ab6d-f71c04890a67,true,,
medium,4,3,1.5000,3,2,0.0000,1,0,2,1,0.3333,9.0121,0.5000,9.2746,1.8560,0.2500,1.5000,3.0000,1,1,0,1,0.5000,1.0000,19,4.7500,0.0709,4,branching,medium,single,4,3,dispersed,medium,3,medium,676880646,b9f2038c-933f-4797-8cc6-bba51bb6b09e,true,,
medium,4,3,1.5000,2,1,0.0000,1,0,2,1,0.3333,7.5907,0.6667,10.0792,3.0458,0.0000,1.0000,2.0000,0,1,1,1,0.2500,1.3333,22,5.5000,0.0934,4,branching,medium,single,4,3,dispersed,medium,3,medium,2062286487,e424ba4d-534d-4d9a-afb2-1132af06f068,true,,
medium,4,3,1.5000,3,2,0.0000,1,0,2,1,0.3333,10.5932,1.0000,5.1666,2.6734,0.2500,1.5000,3.0000,1,1,0,1,0.5000,1.0000,20,5.0000,0.0722,4,branching,medium,single,4,3,dispersed,medium,3,medium,654510209,35595a06-51d4-4a14-bb37-87915d7367ad,true,,
medium,4,3,1.5000,3,2,0.0000,1,0,2,1,0.3333,12.1012,0.5000,12.1882,3.1088,0.2500,1.5000,2.0000,1,1,0,1,0.2500,0.6667,16,4.0000,0.0572,4,branching,medium,single,4,3,dispersed,medium,3,medium,1549475801,15496171-3f67-4cec-9009-76321caeab63,true,,
medium,4,3,1.5000,3,2,0.0000,1,0,2,1,0.3333,9.3204,0.5000,9.6014,2.6448,0.2500,1.5000,3.0000,1,1,0,1,0.5000,1.0000,20,5.0000,0.0812,4,branching,medium,single,4,3,dispersed,medium,3,medium,116080982,2fcb834a-691e-4379-b140-4e53cd765f44,true,,
medium,4,3,1.5000,3,2,0.0000,1,0,2,1,0.3333,11.5857,1.0000,6.1585,2.2350,0.2500,1.5000,3.0000,1,1,0,1,0.5000,1.0000,16,4.0000,0.0644,4,branching,medium,single,4,3,dispersed,medium,3,medium,146284138,cb3f1c77-553f-4757-97ef-cea1d41fa7f2,true,,
medium,4,3,1.5000,2,1,0.0000,1,0,2,1,0.3333,8.0676,0.8333,11.0305,9.3129,0.0000,1.0000,2.0000,0,1,1,1,0.2500,1.3333,17,4.2500,0.0621,4,branching,medium,single,4,3,dispersed,medium,3,medium,1660321438,7a95e7ea-5e66-46f2-a5ce-655d55d11d63,true,,
medium,4,3,1.5000,2,1,0.0000,1,0,2,1,0.3333,7.4642,0.8333,12.1801,9.3614,0.0000,1.0000,2.0000,0,1,1,1,0.2500,1.3333,19,4.7500,0.0607,4,branching,medium,single,4,3,dispersed,medium,3,medium,1932861996,cdc67dc0-4dcf-465d-8ede-3d4946bba667,true,,
medium,4,3,1.5000,3,2,0.0000,1,0,2,1,0.3333,11.1390,0.3333,16.6123,3.2539,0.2500,1.5000,2.0000,1,1,0,1,0.2500,0.6667,16,4.0000,0.0597,4,branching,medium,single,4,3,dispersed,medium,3,medium,690191928,1425eda4-5952-4bee-b752-0de3e8d4ede8,true,,
medium,4,3,1.5000,3,2,0.0000,1,0,2,1,0.3333,10.4099,1.0000,6.1586,1.8609,0.2500,1.5000,2.0000,1,1,0,1,0.2500,0.6667,16,4.0000,0.0469,4,branching,medium,single,4,3,dispersed,medium,3,medium,1592754068,0d942a97-c02f-4d56-8e88-dffd6a0bead2,true,,
medium,4,3,1.5000,3,2,0.0000,1,0,2,1,0.3333,10.9871,0.3333,12.4548,3.3910,0.2500,1.5000,2.0000,1,1,0,1,0.2500,0.6667,18,4.5000,0.0623,4,branching,medium,single,4,3,dispersed,medium,3,medium,1897508805,0c1c7432-65ed-433a-991a-08893de5fc54,true,,
medium,4,3,1.5000,3,2,0.0000,1,0,2,1,0.3333,10.2786,1.0000,7.0797,2.1955,0.2500,1.5000,2.0000,1,1,0,1,0.2500,0.6667,16,4.0000,0.0495,4,branching,medium,single,4,3,dispersed,medium,3,medium,1764844367,9c6f594d-0f56-4fb8-9f05-76fc9504008a,true,,
medium,4,3,1.5000,3,2,0.0000,1,0,2,1,0.3333,11.2551,0.3333,12.1806,2.3309,0.2500,1.5000,2.0000,1,1,0,1,0.2500,0.6667,16,4.0000,0.0485,4,branching,medium,single,4,3,dispersed,medium,3,medium,1951398352,642bc232-d4b8-4a9b-80f1-074b904ff9e7,true,,
medium,4,3,1.5000,3,2,0.0000,1,0,2,1,0.3333,8.9757,1.0000,5.9153,2.0884,0.2500,1.5000,2.0000,1,1,0,1,0.2500,0.6667,16,4.0000,0.0446,4,branching,medium,single,4,3,dispersed,medium,3,medium,99775501,e83b1f48-6611-4e3c-ac38-a09bbf6b464d,true,,
medium,4,3,1.5000,3,2,0.0000,1,0,2,1,0.3333,9.2343,0.3333,12.2421,2.4987,0.2500,1.5000,2.0000,1,1,0,1,0.2500,0.6667,17,4.2500,0.0587,4,branching,medium,single,4,3,dispersed,medium,3,medium,308664107,5aae262b-deb6-4a8f-9dac-b643c0ee9ab4,true,,
medium,4,3,1.5000,3,2,0.0000,1,0,2,1,0.3333,11.4407,1.0000,6.9255,2.7370,0.2500,1.5000,3.0000,1,1,0,1,0.5000,1.0000,16,4.0000,0.0570,4,branching,medium,single,4,3,dispersed,medium,3,medium,1133929334,85952b39-8c4b-4dd9-b65c-2914184b4921,true,,
medium,4,3,1.5000,2,1,0.0000,1,0,2,1,0.3333,8.3887,0.5000,14.7121,11.0613,0.0000,1.0000,2.0000,0,1,1,1,0.2500,1.3333,22,5.5000,0.0890,4,branching,medium,single,4,3,dispersed,medium,3,medium,692466731,1e9b407a-4611-447d-a391-77fdd316a344,true,,
medium,4,3,1.5000,3,2,0.0000,1,0,2,1,0.3333,9.3052,1.0000,6.3862,2.5784,0.2500,1.5000,3.0000,1,1,0,1,0.5000,1.0000,17,4.2500,0.0679,4,branching,medium,single,4,3,dispersed,medium,3,medium,424295887,e1681fc5-b7a4-40a6-a27a-49068ff4d902,true,,
medium,4,3,1.5000,2,1,0.0000,1,0,2,1,0.3333,8.5686,0.5000,7.0931,2.3765,0.0000,1.0000,2.0000,0,1,1,1,0.2500,1.3333,24,6.0000,0.0822,4,branching,medium,single,4,3,dispersed,medium,3,medium,1525604898,23347ca9-a7a8-42ad-8eb5-e096f56abc9f,true,,
medium,4,3,1.5000,3,2,0.0000,1,0,2,1,0.3333,12.2485,0.6667,9.7487,2.4389,0.2500,1.5000,2.0000,1,1,0,1,0.2500,0.6667,19,4.7500,0.0682,4,branching,medium,single,4,3,dispersed,medium,3,medium,1135296565,44f86353-5321-4710-adae-1bd143158d03,true,,
medium,4,3,1.5000,3,2,0.0000,1,0,2,1,0.3333,11.3422,0.6667,9.3603,2.7903,0.2500,1.5000,3.0000,1,1,0,1,0.5000,1.0000,18,4.5000,0.0572,4,branching,medium,single,4,3,dispersed,medium,3,medium,1746274370,d7584fc3-9064-476b-b54b-dc8955c148d9,true,,
medium,4,3,1.5000,3,2,0.0000,1,0,2,1,0.3333,12.1223,0.5000,12.9842,3.4128,0.2500,1.5000,2.0000,1,1,0,1,0.2500,0.6667,17,4.2500,0.0720,4,branching,medium,single,4,3,dispersed,medium,3,medium,895341518,83b13d52-d463-4091-bd96-6041ec247eac,true,,
medium,4,3,1.5000,3,2,0.0000,1,0,2,1,0.3333,8.9831,1.0000,6.3376,2.5329,0.2500,1.5000,3.0000,1,1,0,1,0.5000,1.0000,18,4.5000,0.0557,4,branching,medium,single,4,3,dispersed,medium,3,medium,714097903,0fca2aef-1262-4058-a887-fa327a07780b,true,,
medium,4,3,1.5000,2,1,0.0000,1,0,2,1,0.3333,8.7240,0.5000,10.1761,3.1826,0.0000,1.0000,2.0000,0,1,1,1,0.2500,1.3333,20,5.0000,0.0457,4,branching,medium,single,4,3,dispersed,medium,3,medium,1957161102,bb5fae3c-002e-4b33-a31b-174a7067555e,true,,
medium,4,3,1.5000,3,2,0.0000,1,0,2,1,0.3333,12.1058,0.5000,12.6278,3.4110,0.2500,1.5000,2.0000,1,1,0,1,0.2500,0.6667,19,4.7500,0.0584,4,branching,medium,single,4,3,dispersed,medium,3,medium,73696242,ad4bd454-915b-4cf0-8194-c523b230aa30,true,,
medium,4,3,1.5000,3,2,0.0000,1,0,2,1,0.3333,12.0395,0.5000,12.7803,3.2372,0.2500,1.5000,2.0000,1,1,0,1,0.2500,0.6667,21,5.2500,0.0813,4,branching,medium,single,4,3,dispersed,medium,3,medium,1087425669,be7912c4-ef2f-466e-b3c3-2d311ba7c7bb,true,,
medium,4,3,1.5000,3,2,0.0000,1,0,2,1,0.3333,9.5054,1.0000,6.4905,2.1809,0.2500,1.5000,2.0000,1,1,0,1,0.2500,0.6667,19,4.7500,0.0734,4,branching,medium,single,4,3,dispersed,medium,3,medium,983387032,847cb129-692b-4dcd-bf19-a372e20559dd,true,,
medium,4,3,1.5000,2,1,0.0000,1,0,2,1,0.3333,7.4879,0.8333,5.4233,2.6792,0.0000,1.0000,2.0000,0,1,1,1,0.2500,1.3333,20,5.0000,0.0825,4,branching,medium,single,4,3,dispersed,medium,3,medium,26379577,2dd13c73-bd53-450f-a055-0096eea0e9d2,true,,
medium,4,3,1.5000,2,1,0.0000,1,0,2,1,0.3333,7.8142,0.8333,8.5333,2.7467,0.0000,1.0000,2.0000,0,1,1,1,0.2500,1.3333,26,6.5000,0.1174,4,branching,medium,single,4,3,dispersed,medium,3,medium,1976304738,47e01734-93b1-4a8d-8d41-993612fc228b,true,,
high,4,3,1.5000,3,2,0.0000,1,0,2,1,0.3333,10.0779,1.0000,5.8485,2.2420,0.2500,1.5000,3.0000,1,1,0,1,0.5000,1.0000,21,5.2500,0.0742,4,branching,medium,single,4,3,dispersed,medium,3,high,362635089,80f3e075-65b4-47e5-b08b-d19a23d0a904,true,,
high,4,3,1.5000,2,1,0.0000,1,0,2,1,0.3333,7.9776,0.6667,9.1901,1.7520,0.0000,1.0000,2.0000,0,1,1,1,0.2500,1.3333,25,6.2500,0.0877,4,branching,medium,single,4,3,dispersed,medium,3,high,1326420979,1a7aaf2f-e46d-4769-834b-e355eb62795b,true,,
high,4,3,1.5000,3,2,0.0000,1,0,2,1,0.3333,9.2593,0.3333,12.3820,2.3878,0.2500,1.5000,2.0000,1,1,0,1,0.2500,0.6667,21,5.2500,0.0819,4,branching,medium,single,4,3,dispersed,medium,3,high,721377297,c99091c8-1f24-4634-97f9-d495299f3aa1,true,,
high,4,3,1.5000,3,2,0.0000,1,0,2,1,0.3333,9.9166,1.0000,6.2452,2.6521,0.2500,1.5000,3.0000,1,1,0,1,0.5000,1.0000,20,5.0000,0.0498,4,branching,medium,single,4,3,dispersed,medium,3,high,921946667,f656d846-eef5-4c57-94da-7dff5df942eb,true,,
high,4,3,1.5000,3,2,0.0000,1,0,2,1,0.3333,11.6105,0.3333,17.1450,3.3319,0.2500,1.5000,2.0000,1,1,0,1,0.2500,0.6667,22,5.5000,0.0870,4,branching,medium,single,4,3,dispersed,medium,3,high,2023132967,5b0daf6f-43df-4fda-a5c6-73181acdac53,true,,
high,4,3,1.5000,2,1,0.0000,1,0,2,1,0.3333,8.9089,1.0000,2.6376,1.9452,0.0000,1.0000,2.0000,0,1,1,1,0.2500,1.3333,25,6.2500,0.0839,4,branching,medium,single,4,3,dispersed,medium,3,high,1575798222,66d09637-aaee-401b-9028-5a9146598602,true,,
high,4,3,1.5000,3,2,0.0000,1,0,2,1,0.3333,9.8032,1.0000,5.7084,2.0951,0.2500,1.5000,3.0000,1,1,0,1,0.5000,1.0000,19,4.7500,0.0599,4,branching,medium,single,4,3,dispersed,medium,3,high,1209832962,cb62cce8-5a10-47df-8493-9523de0b79c5,true,,
high,4,3,1.5000,2,1,0.0000,1,0,2,1,0.3333,8.8781,0.8333,5.7149,2.1642,0.0000,1.0000,2.0000,0,1,1,1,0.2500,1.3333,30,7.5000,0.1395,4,branching,medium,single,4,3,dispersed,medium,3,high,1840422051,952932ac-fc1f-475f-9bbc-f29dcc9b347a,true,,
high,4,3,1.5000,2,1,0.0000,1,0,2,1,0.3333,9.1654,0.5000,8.4711,1.9679,0.0000,1.0000,2.0000,0,1,1,1,0.2500,1.3333,29,7.2500,0.0894,4,branching,medium,single,4,3,dispersed,medium,3,high,1902444649,9d8d6b45-279a-49d2-b0d8-2ae8471b6873,true,,
high,4,3,1.5000,3,2,0.0000,1,0,2,1,0.3333,10.2839,1.0000,6.0739,2.3367,0.2500,1.5000,3.0000,1,1,0,1,0.5000,1.0000,22,5.5000,0.0722,4,branching,medium,single,4,3,dispersed,medium,3,high,493523733,3aacbf85-4734-46cd-b945-cbaa5490c4e5,true,,
high,4,3,1.5000,3,2,0.0000,1,0,2,1,0.3333,12.1871,0.3333,18.0109,3.4564,0.2500,1.5000,2.0000,1,1,0,1,0.2500,0.6667,23,5.7500,0.0914,4,branching,medium,single,4,3,dispersed,medium,3,high,242473052,45c9df64-0a6d-4a80-af4d-786a5cf18007,true,,
high,4,3,1.5000,3,2,0.0000,1,0,2,1,0.3333,11.4012,0.3333,12.2437,2.5120,0.2500,1.5000,2.0000,1,1,0,1,0.2500,0.6667,26,6.5000,0.1081,4,branching,medium,single,4,3,dispersed,medium,3,high,1210568533,ba44167e-9cbe-4ae5-a795-b0a2762885c8,true,,
high,4,3,1.5000,2,1,0.0000,1,0,2,1,0.3333,7.7846,0.3333,11.5036,1.7212,0.0000,1.0000,2.0000,0,1,1,1,0.2500,1.3333,26,6.5000,0.0955,4,branching,medium,single,4,3,dispersed,medium,3,high,1238089195,1dc893e0-2eaf-4170-b2fb-b26d95049bc2,true,,
high,4,3,1.5000,2,1,0.0000,1,0,2,1,0.3333,8.0448,0.8333,5.3500,1.8337,0.0000,1.0000,2.0000,0,1,1,1,0.2500,1.3333,27,6.7500,0.1301,4,branching,medium,single,4,3,dispersed,medium,3,high,1828103514,e20f9529-9128-47db-a939-a39bef42eccf,true,,
high,4,3,1.5000,3,2,0.0000,1,0,2,1,0.3333,8.6717,1.0000,7.1834,2.9775,0.2500,1.5000,3.0000,1,1,0,1,0.5000,1.0000,28,7.0000,0.1256,4,branching,medium,single,4,3,dispersed,medium,3,high,916089996,a78815c1-2b44-4220-9f0f-5397aeb76fe9,true,,
high,4,3,1.5000,3,2,0.0000,1,0,2,1,0.3333,9.9690,1.0000,5.6302,2.4936,0.2500,1.5000,2.0000,1,1,0,1,0.2500,0.6667,25,6.2500,0.0945,4,branching,medium,single,4,3,dispersed,medium,3,high,591381062,575b82d6-b923-44a9-8da1-295bfaf920d3,true,,
high,4,3,1.5000,2,1,0.0000,1,0,2,1,0.3333,8.6101,0.5000,11.4834,10.6777,0.0000,1.0000,2.0000,0,1,1,1,0.2500,1.3333,29,7.2500,0.1088,4,branching,medium,single,4,3,dispersed,medium,3,high,414214231,7add6cf2-0efe-4998-970e-f68c2850908a,true,,
high,4,3,1.5000,2,1,0.0000,1,0,2,1,0.3333,7.5875,0.5000,11.1431,10.2577,0.0000,1.0000,2.0000,0,1,1,1,0.2500,1.3333,26,6.5000,0.1021,4,branching,medium,single,4,3,dispersed,medium,3,high,1184964031,0ff5b55d-e72f-43b5-ba70-ae24b37c59d0,true,,
high,4,3,1.5000,2,1,0.0000,1,0,2,1,0.3333,7.5721,1.0000,7.4028,1.8322,0.0000,1.0000,2.0000,0,1,1,1,0.2500,1.3333,28,7.0000,0.1036,4,branching,medium,single,4,3,dispersed,medium,3,high,1423704080,a8b46033-e87d-45eb-b842-bd4e9021fcd8,true,,
high,4,3,1.5000,3,2,0.0000,1,0,2,1,0.3333,12.2403,1.0000,5.7248,2.3131,0.2500,1.5000,3.0000,1,1,0,1,0.5000,1.0000,20,5.0000,0.0650,4,branching,medium,single,4,3,dispersed,medium,3,high,1975846537,10a29489-3ffc-49c8-af4c-0bf86edb3a3d,true,,
high,4,3,1.5000,2,1,0.0000,1,0,2,1,0.3333,9.0366,0.1667,12.8596,12.3669,0.0000,1.0000,2.0000,0,1,1,1,0.2500,1.3333,33,8.2500,0.1243,4,branching,medium,single,4,3,dispersed,medium,3,high,1329442440,5f43ce69-80a6-4429-8f0a-06503fb8be85,true,,
high,4,3,1.5000,3,2,0.0000,1,0,2,1,0.3333,10.0793,1.0000,7.0789,2.6433,0.2500,1.5000,2.0000,1,1,0,1,0.2500,0.6667,21,5.2500,0.0651,4,branching,medium,single,4,3,dispersed,medium,3,high,290154736,85ddfee3-e8fe-4fa1-92ce-9c921a9c119a,true,,
high,4,3,1.5000,3,2,0.0000,1,0,2,1,0.3333,9.9089,0.3333,12.9636,2.8556,0.2500,1.5000,2.0000,1,1,0,1,0.2500,0.6667,21,5.2500,0.0612,4,branching,medium,single,4,3,dispersed,medium,3,high,1221452624,454220fb-85e1-41a2-9d5c-e1cade3bf480,true,,
high,4,3,1.5000,3,2,0.0000,1,0,2,1,0.3333,10.9600,0.5000,11.7512,3.5670,0.2500,1.5000,2.0000,1,1,0,1,0.2500,0.6667,21,5.2500,0.0679,4,branching,medium,single,4,3,dispersed,medium,3,high,755393459,dbc8ca79-fb27-4bb2-b5a5-26c06665d9ce,true,,
high,4,3,1.5000,2,1,0.0000,1,0,2,1,0.3333,7.5530,0.6667,10.6698,9.3089,0.0000,1.0000,2.0000,0,1,1,1,0.2500,1.3333,28,7.0000,0.1339,4,branching,medium,single,4,3,dispersed,medium,3,high,157409875,e7b6a77b-034a-4579-a694-a3f66ee5a047,true,,
high,4,3,1.5000,2,1,0.0000,1,0,2,1,0.3333,8.5021,0.5000,12.4842,10.8446,0.0000,1.0000,2.0000,0,1,1,1,0.2500,1.3333,24,6.0000,0.0791,4,branching,medium,single,4,3,dispersed,medium,3,high,1437506810,dfad7925-4cec-4979-b215-1c9b7341f2fc,true,,
high,4,3,1.5000,2,1,0.0000,1,0,2,1,0.3333,8.2908,0.8333,8.1516,2.0194,0.0000,1.0000,2.0000,0,1,1,1,0.2500,1.3333,25,6.2500,0.0886,4,branching,medium,single,4,3,dispersed,medium,3,high,1929022775,0742c3e1-7c50-4b5c-aa1d-b2ff50555650,true,,
high,4,3,1.5000,3,2,0.0000,1,0,2,1,0.3333,9.9034,0.5000,9.3771,1.8853,0.2500,1.5000,3.0000,1,1,0,1,0.5000,1.0000,19,4.7500,0.0513,4,branching,medium,single,4,3,dispersed,medium,3,high,1348188584,247a277c-891c-4fcf-a713-ce4e00bf6e45,true,,
high,4,3,1.5000,3,2,0.0000,1,0,2,1,0.3333,9.4112,1.0000,5.8527,1.7563,0.2500,1.5000,3.0000,1,1,0,1,0.5000,1.0000,23,5.7500,0.1222,4,branching,medium,single,4,3,dispersed,medium,3,high,844832754,573d4fb7-57b2-4db4-afd5-fd27d2029197,true,,
high,4,3,1.5000,2,1,0.0000,1,0,2,1,0.3333,7.9550,0.6667,8.8975,2.7119,0.0000,1.0000,2.0000,0,1,1,1,0.2500,1.3333,30,7.5000,0.1083,4,branching,medium,single,4,3,dispersed,medium,3,high,1475779559,435b6d0f-e5b8-4a94-b660-960bcd84bebc,true,,
high,4,3,1.5000,2,1,0.0000,1,0,2,1,0.3333,8.0751,0.6667,7.9951,2.0122,0.0000,1.0000,2.0000,0,1,1,1,0.2500,1.3333,29,7.2500,0.1177,4,branching,medium,single,4,3,dispersed,medium,3,high,1176138961,2bcf149c-1798-463a-ad80-3917aaa3c680,true,,
high,4,3,1.5000,2,1,0.0000,1,0,2,1,0.3333,7.4870,0.6667,9.0410,1.9268,0.0000,1.0000,2.0000,0,1,1,1,0.2500,1.3333,24,6.0000,0.0792,4,branching,medium,single,4,3,dispersed,medium,3,high,1310380753,d9d2cd29-58b2-49ff-ba07-643a635dff0d,true,,
high,4,3,1.5000,2,1,0.0000,1,0,2,1,0.3333,7.8188,0.6667,14.7867,11.9604,0.0000,1.0000,2.0000,0,1,1,1,0.2500,1.3333,26,6.5000,0.1011,4,branching,medium,single,4,3,dispersed,medium,3,high,1633941861,844dcf00-87e3-41fb-9fb6-dbdff72e1452,true,,
high,4,3,1.5000,3,2,0.0000,1,0,2,1,0.3333,9.2572,0.3333,12.6253,2.2751,0.2500,1.5000,2.0000,1,1,0,1,0.2500,0.6667,24,6.0000,0.1007,4,branching,medium,single,4,3,dispersed,medium,3,high,2104040905,f8196d4b-96e7-4fbd-9671-e1393bb00c84,true,,
high,4,3,1.5000,2,1,0.0000,1,0,2,1,0.3333,8.2894,0.3333,12.1576,2.7840,0.0000,1.0000,2.0000,0,1,1,1,0.2500,1.3333,28,7.0000,0.0970,4,branching,medium,single,4,3,dispersed,medium,3,high,327556839,56a2305d-5288-4fb1-a489-dcfe6f28105c,true,,
high,4,3,1.5000,3,2,0.0000,1,0,2,1,0.3333,9.8203,0.6667,9.2682,2.6548,0.2500,1.5000,2.0000,1,1,0,1,0.2500,0.6667,20,5.0000,0.0547,4,branching,medium,single,4,3,dispersed,medium,3,high,266333089,0caade51-9032-43a5-9523-4af6fbfca94f,true,,
high,4,3,1.5000,2,1,0.0000,1,0,2,1,0.3333,8.6148,0.5000,12.2343,11.3546,0.0000,1.0000,2.0000,0,1,1,1,0.2500,1.3333,23,5.7500,0.0748,4,branching,medium,single,4,3,dispersed,medium,3,high,1176131508,f499de97-a1d6-4a25-8419-47944fceb41c,true,,
high,4,3,1.5000,2,1,0.0000,1,0,2,1,0.3333,8.8542,0.3333,12.4675,11.7074,0.0000,1.0000,2.0000,0,1,1,1,0.2500,1.3333,25,6.2500,0.0704,4,branching,medium,single,4,3,dispersed,medium,3,high,842897700,b30cbf1a-2d70-4e2e-8fbf-7891ceb8b695,true,,
high,4,3,1.5000,3,2,0.0000,1,0,2,1,0.3333,10.6565,1.0000,6.1591,2.5675,0.2500,1.5000,3.0000,1,1,0,1,0.5000,1.0000,21,5.2500,0.0591,4,branching,medium,single,4,3,dispersed,medium,3,high,2075749032,87fc57ec-ff76-442e-a4eb-98faae291350,true,,
high,4,3,1.5000,3,2,0.0000,1,0,2,1,0.3333,10.7269,0.5000,9.5892,2.4552,0.2500,1.5000,3.0000,1,1,0,1,0.5000,1.0000,21,5.2500,0.0652,4,branching,medium,single,4,3,dispersed,medium,3,high,671460926,c46df4b2-6cea-454b-8935-57086cc72999,true,,
high,4,3,1.5000,3,2,0.0000,1,0,2,1,0.3333,10.0051,1.0000,5.8986,2.7284,0.2500,1.5000,2.0000,1,1,0,1,0.2500,0.6667,24,6.0000,0.0821,4,branching,medium,single,4,3,dispersed,medium,3,high,1246314792,2a8bb1bd-1299-4891-89b3-66fe59b6b384,true,,
high,4,3,1.5000,3,2,0.0000,1,0,2,1,0.3333,9.2357,0.3333,11.9297,2.4267,0.2500,1.5000,2.0000,1,1,0,1,0.2500,0.6667,21,5.2500,0.0635,4,branching,medium,single,4,3,dispersed,medium,3,high,1440990930,8d8931b3-83b1-48f2-83fe-63892cfb3807,true,,
high,4,3,1.5000,2,1,0.0000,1,0,2,1,0.3333,8.9803,0.3333,9.4473,2.7206,0.0000,1.0000,2.0000,0,1,1,1,0.2500,1.3333,26,6.5000,0.1135,4,branching,medium,single,4,3,dispersed,medium,3,high,937505729,0c92d555-35b5-49db-9e83-aecd0d29aade,true,,
high,4,3,1.5000,2,1,0.0000,1,0,2,1,0.3333,7.9446,0.5000,9.4567,2.6706,0.0000,1.0000,2.0000,0,1,1,1,0.2500,1.3333,27,6.7500,0.0982,4,branching,medium,single,4,3,dispersed,medium,3,high,2078255801,5a1b64ed-a5a7-4b8d-97a3-263cdc6f9ba0,true,,
high,4,3,1.5000,3,2,0.0000,1,0,2,1,0.3333,12.1208,0.5000,11.2113,2.1246,0.2500,1.5000,3.0000,1,1,0,1,0.5000,1.0000,20,5.0000,0.0501,4,branching,medium,single,4,3,dispersed,medium,3,high,1283131847,ce2fd068-d8a7-4305-9530-51c6a267b3e2,true,,
high,4,3,1.5000,3,2,0.0000,1,0,2,1,0.3333,9.7411,0.8333,6.7810,2.2038,0.2500,1.5000,2.0000,1,1,0,1,0.2500,0.6667,20,5.0000,0.0717,4,branching,medium,single,4,3,dispersed,medium,3,high,2072211679,3c2a3226-f494-45bf-997f-219cc98fe5f4,true,,
high,4,3,1.5000,3,2,0.0000,1,0,2,1,0.3333,9.2172,1.0000,6.1616,2.3738,0.2500,1.5000,3.0000,1,1,0,1,0.5000,1.0000,24,6.0000,0.0832,4,branching,medium,single,4,3,dispersed,medium,3,high,508185175,4bc434a7-9a89-473d-8bf9-fafd88b81c62,true,,
high,4,3,1.5000,3,2,0.0000,1,0,2,1,0.3333,11.0953,1.0000,7.1628,2.5303,0.2500,1.5000,3.0000,1,1,0,1,0.5000,1.0000,20,5.0000,0.0626,4,branching,medium,single,4,3,dispersed,medium,3,high,1214721651,6ad38aaa-dce0-4bdc-b480-c5da6c1d0dce,true,,
high,4,3,1.5000,3,2,0.0000,1,0,2,1,0.3333,12.9263,0.3333,12.5765,2.0399,0.2500,1.5000,2.0000,1,1,0,1,0.2500,0.6667,19,4.7500,0.0546,4,branching,medium,single,4,3,dispersed,medium,3,high,1945491554,292aa572-5250-4c65-b0b3-9a84cf2d4f8a,true,,
high,4,3,1.5000,3,2,0.0000,1,0,2,1,0.3333,10.2075,1.0000,6.3629,2.2098,0.2500,1.5000,3.0000,1,1,0,1,0.5000,1.0000,20,5.0000,0.0606,4,branching,medium,single,4,3,dispersed,medium,3,high,1365780040,4453a886-cef4-40c6-91c7-d203e004e459,true,,
