event_id,ablation_mode,event_x,event_z,selected_npc,selected_role,distance_m,had_los,state_score
0,Full,0.52,-13.94,AblationNPC_07,Roamer,7.89,1,0.50
0,NoLOS,0.52,-13.94,AblationNPC_01,Roamer,18.76,0,0.80
0,NoDistance,0.52,-13.94,AblationNPC_07,Roamer,7.89,1,0.50
0,NoRole,0.52,-13.94,AblationNPC_00,Guard,5.52,1,1.00
0,NoState,0.52,-13.94,AblationNPC_07,Roamer,7.89,1,0.50
1,Full,9.42,2.32,AblationNPC_04,Roamer,19.99,1,0.10
1,NoLOS,9.42,2.32,AblationNPC_01,Roamer,20.72,0,0.80
1,NoDistance,9.42,2.32,AblationNPC_04,Roamer,19.99,1,0.10
1,NoRole,9.42,2.32,AblationNPC_00,Guard,13.80,1,1.00
1,NoState,9.42,2.32,AblationNPC_04,Roamer,19.99,1,0.10
2,Full,-3.08,-10.43,AblationNPC_07,Roamer,3.28,1,0.50
2,NoLOS,-3.08,-10.43,AblationNPC_07,Roamer,3.28,1,0.50
2,NoDistance,-3.08,-10.43,AblationNPC_07,Roamer,3.28,1,0.50
2,NoRole,-3.08,-10.43,AblationNPC_05,Leader,5.82,1,1.00
2,NoState,-3.08,-10.43,AblationNPC_07,Roamer,3.28,1,0.50
3,Full,-12.30,6.15,AblationNPC_01,Roamer,5.57,1,0.80
3,NoLOS,-12.30,6.15,AblationNPC_01,Roamer,5.57,1,0.80
3,NoDistance,-12.30,6.15,AblationNPC_01,Roamer,5.57,1,0.80
3,NoRole,-12.30,6.15,AblationNPC_01,Roamer,5.57,1,0.80
3,NoState,-12.30,6.15,AblationNPC_04,Roamer,3.02,1,0.10
4,Full,9.49,1.20,AblationNPC_04,Roamer,20.39,1,0.10
4,NoLOS,9.49,1.20,AblationNPC_01,Roamer,20.73,0,0.80
4,NoDistance,9.49,1.20,AblationNPC_04,Roamer,20.39,1,0.10
4,NoRole,9.49,1.20,AblationNPC_00,Guard,12.77,1,1.00
4,NoState,9.49,1.20,AblationNPC_04,Roamer,20.39,1,0.10
5,Full,-13.68,6.33,AblationNPC_01,Roamer,6.16,1,0.80
5,NoLOS,-13.68,6.33,AblationNPC_01,Roamer,6.16,1,0.80
5,NoDistance,-13.68,6.33,AblationNPC_01,Roamer,6.16,1,0.80
5,NoRole,-13.68,6.33,AblationNPC_05,Leader,14.77,1,1.00
5,NoState,-13.68,6.33,AblationNPC_04,Roamer,4.17,1,0.10
6,Full,-10.57,12.19,AblationNPC_01,Roamer,11.52,1,0.80
6,NoLOS,-10.57,12.19,AblationNPC_01,Roamer,11.52,1,0.80
6,NoDistance,-10.57,12.19,AblationNPC_01,Roamer,11.52,1,0.80
6,NoRole,-10.57,12.19,AblationNPC_05,Leader,19.64,1,1.00
6,NoState,-10.57,12.19,AblationNPC_04,Roamer,4.42,1,0.10
7,Full,5.78,0.49,AblationNPC_03,Guard,0.96,1,0.20
7,NoLOS,5.78,0.49,AblationNPC_01,Roamer,17.01,0,0.80
7,NoDistance,5.78,0.49,AblationNPC_01,Roamer,17.01,0,0.80
7,NoRole,5.78,0.49,AblationNPC_03,Guard,0.96,1,0.20
7,NoState,5.78,0.49,AblationNPC_03,Guard,0.96,1,0.20
8,Full,-9.41,-13.75,AblationNPC_01,Roamer,14.55,1,0.80
8,NoLOS,-9.41,-13.75,AblationNPC_01,Roamer,14.55,1,0.80
8,NoDistance,-9.41,-13.75,AblationNPC_01,Roamer,14.55,1,0.80
8,NoRole,-9.41,-13.75,AblationNPC_05,Leader,6.63,1,1.00
8,NoState,-9.41,-13.75,AblationNPC_07,Roamer,8.78,1,0.50
9,Full,-5.75,2.49,AblationNPC_01,Roamer,5.77,1,0.80
9,NoLOS,-5.75,2.49,AblationNPC_01,Roamer,5.77,1,0.80
9,NoDistance,-5.75,2.49,AblationNPC_01,Roamer,5.77,1,0.80
9,NoRole,-5.75,2.49,AblationNPC_05,Leader,10.02,1,1.00
9,NoState,-5.75,2.49,AblationNPC_01,Roamer,5.77,1,0.80
10,Full,9.63,-14.88,AblationNPC_07,Roamer,15.28,1,0.50
10,NoLOS,9.63,-14.88,AblationNPC_01,Roamer,26.03,0,0.80
10,NoDistance,9.63,-14.88,AblationNPC_07,Roamer,15.28,1,0.50
10,NoRole,9.63,-14.88,AblationNPC_00,Guard,6.16,1,1.00
10,NoState,9.63,-14.88,AblationNPC_07,Roamer,15.28,1,0.50
11,Full,1.07,9.16,AblationNPC_01,Roamer,14.94,1,0.80
11,NoLOS,1.07,9.16,AblationNPC_01,Roamer,14.94,1,0.80
11,NoDistance,1.07,9.16,AblationNPC_01,Roamer,14.94,1,0.80
11,NoRole,1.07,9.16,AblationNPC_01,Roamer,14.94,1,0.80
11,NoState,1.07,9.16,AblationNPC_04,Roamer,10.94,1,0.10
12,Full,7.45,-3.46,AblationNPC_01,Roamer,19.14,0,0.80
12,NoLOS,7.45,-3.46,AblationNPC_01,Roamer,19.14,0,0.80
12,NoDistance,7.45,-3.46,AblationNPC_01,Roamer,19.14,0,0.80
12,NoRole,7.45,-3.46,AblationNPC_00,Guard,7.70,1,1.00
12,NoState,7.45,-3.46,AblationNPC_07,Roamer,11.64,0,0.50
13,Full,-10.53,-14.21,AblationNPC_01,Roamer,14.91,1,0.80
13,NoLOS,-10.53,-14.21,AblationNPC_01,Roamer,14.91,1,0.80
13,NoDistance,-10.53,-14.21,AblationNPC_01,Roamer,14.91,1,0.80
13,NoRole,-10.53,-14.21,AblationNPC_05,Leader,7.39,1,1.00
13,NoState,-10.53,-14.21,AblationNPC_07,Roamer,9.88,1,0.50
14,Full,-13.47,8.45,AblationNPC_01,Roamer,8.08,1,0.80
14,NoLOS,-13.47,8.45,AblationNPC_01,Roamer,8.08,1,0.80
14,NoDistance,-13.47,8.45,AblationNPC_01,Roamer,8.08,1,0.80
14,NoRole,-13.47,8.45,AblationNPC_05,Leader,16.67,1,1.00
14,NoState,-13.47,8.45,AblationNPC_04,Roamer,3.73,1,0.10
15,Full,3.79,-11.54,AblationNPC_07,Roamer,8.55,1,0.50
15,NoLOS,3.79,-11.54,AblationNPC_01,Roamer,19.37,0,0.80
15,NoDistance,3.79,-11.54,AblationNPC_07,Roamer,8.55,1,0.50
15,NoRole,3.79,-11.54,AblationNPC_00,Guard,1.47,1,1.00
15,NoState,3.79,-11.54,AblationNPC_07,Roamer,8.55,1,0.50
16,Full,-7.50,8.17,AblationNPC_01,Roamer,8.37,1,0.80
16,NoLOS,-7.50,8.17,AblationNPC_01,Roamer,8.37,1,0.80
16,NoDistance,-7.50,8.17,AblationNPC_01,Roamer,8.37,1,0.80
16,NoRole,-7.50,8.17,AblationNPC_05,Leader,15.46,1,1.00
16,NoState,-7.50,8.17,AblationNPC_04,Roamer,2.31,1,0.10
17,Full,-6.31,4.44,AblationNPC_01,Roamer,6.20,1,0.80
17,NoLOS,-6.31,4.44,AblationNPC_01,Roamer,6.20,1,0.80
17,NoDistance,-6.31,4.44,AblationNPC_01,Roamer,6.20,1,0.80
17,NoRole,-6.31,4.44,AblationNPC_05,Leader,11.84,1,1.00
17,NoState,-6.31,4.44,AblationNPC_04,Roamer,4.86,1,0.10
18,Full,-10.69,-13.67,AblationNPC_01,Roamer,14.36,1,0.80
18,NoLOS,-10.69,-13.67,AblationNPC_01,Roamer,14.36,1,0.80
18,NoDistance,-10.69,-13.67,AblationNPC_01,Roamer,14.36,1,0.80
18,NoRole,-10.69,-13.67,AblationNPC_05,Leader,6.94,1,1.00
18,NoState,-10.69,-13.67,AblationNPC_07,Roamer,9.62,1,0.50
19,Full,3.14,0.48,AblationNPC_01,Roamer,14.37,0,0.80
19,NoLOS,3.14,0.48,AblationNPC_01,Roamer,14.37,0,0.80
19,NoDistance,3.14,0.48,AblationNPC_01,Roamer,14.37,0,0.80
19,NoRole,3.14,0.48,AblationNPC_00,Guard,11.41,0,1.00
19,NoState,3.14,0.48,AblationNPC_07,Roamer,10.19,0,0.50
20,Full,-13.48,-2.39,AblationNPC_01,Roamer,3.80,1,0.80
20,NoLOS,-13.48,-2.39,AblationNPC_01,Roamer,3.80,1,0.80
20,NoDistance,-13.48,-2.39,AblationNPC_01,Roamer,3.80,1,0.80
20,NoRole,-13.48,-2.39,AblationNPC_01,Roamer,3.80,1,0.80
20,NoState,-13.48,-2.39,AblationNPC_01,Roamer,3.80,1,0.80
21,Full,6.20,3.85,AblationNPC_01,Roamer,17.72,1,0.80
21,NoLOS,6.20,3.85,AblationNPC_01,Roamer,17.72,1,0.80
21,NoDistance,6.20,3.85,AblationNPC_01,Roamer,17.72,1,0.80
21,NoRole,6.20,3.85,AblationNPC_00,Guard,14.67,1,1.00
21,NoState,6.20,3.85,AblationNPC_04,Roamer,16.48,1,0.10
22,Full,-8.45,-14.60,AblationNPC_01,Roamer,15.54,0,0.80
22,NoLOS,-8.45,-14.60,AblationNPC_01,Roamer,15.54,0,0.80
22,NoDistance,-8.45,-14.60,AblationNPC_01,Roamer,15.54,0,0.80
22,NoRole,-8.45,-14.60,AblationNPC_05,Leader,7.34,0,1.00
22,NoState,-8.45,-14.60,AblationNPC_07,Roamer,8.87,0,0.50
23,Full,-4.05,-6.98,AblationNPC_07,Roamer,0.52,0,0.50
23,NoLOS,-4.05,-6.98,AblationNPC_07,Roamer,0.52,0,0.50
23,NoDistance,-4.05,-6.98,AblationNPC_01,Roamer,10.51,0,0.80
23,NoRole,-4.05,-6.98,AblationNPC_07,Roamer,0.52,0,0.50
23,NoState,-4.05,-6.98,AblationNPC_07,Roamer,0.52,0,0.50
24,Full,-12.94,6.55,AblationNPC_01,Roamer,6.11,1,0.80
24,NoLOS,-12.94,6.55,AblationNPC_01,Roamer,6.11,1,0.80
24,NoDistance,-12.94,6.55,AblationNPC_01,Roamer,6.11,1,0.80
24,NoRole,-12.94,6.55,AblationNPC_05,Leader,14.69,1,1.00
24,NoState,-12.94,6.55,AblationNPC_04,Roamer,3.40,1,0.10
25,Full,-12.87,-1.08,AblationNPC_01,Roamer,2.40,1,0.80
25,NoLOS,-12.87,-1.08,AblationNPC_01,Roamer,2.40,1,0.80
25,NoDistance,-12.87,-1.08,AblationNPC_01,Roamer,2.40,1,0.80
25,NoRole,-12.87,-1.08,AblationNPC_01,Roamer,2.40,1,0.80
25,NoState,-12.87,-1.08,AblationNPC_01,Roamer,2.40,1,0.80
26,Full,-14.64,8.93,AblationNPC_01,Roamer,8.93,1,0.80
26,NoLOS,-14.64,8.93,AblationNPC_01,Roamer,8.93,1,0.80
26,NoDistance,-14.64,8.93,AblationNPC_01,Roamer,8.93,1,0.80
26,NoRole,-14.64,8.93,AblationNPC_05,Leader,17.54,1,1.00
26,NoState,-14.64,8.93,AblationNPC_04,Roamer,4.97,1,0.10
27,Full,-1.82,0.40,AblationNPC_01,Roamer,9.41,0,0.80
27,NoLOS,-1.82,0.40,AblationNPC_01,Roamer,9.41,0,0.80
27,NoDistance,-1.82,0.40,AblationNPC_01,Roamer,9.41,0,0.80
27,NoRole,-1.82,0.40,AblationNPC_05,Leader,9.84,0,1.00
27,NoState,-1.82,0.40,AblationNPC_07,Roamer,7.80,0,0.50
28,Full,-0.01,-14.73,AblationNPC_01,Roamer,19.07,0,0.80
28,NoLOS,-0.01,-14.73,AblationNPC_01,Roamer,19.07,0,0.80
28,NoDistance,-0.01,-14.73,AblationNPC_01,Roamer,19.07,0,0.80
28,NoRole,-0.01,-14.73,AblationNPC_00,Guard,6.42,1,1.00
28,NoState,-0.01,-14.73,AblationNPC_07,Roamer,8.34,0,0.50
29,Full,9.87,-14.61,AblationNPC_07,Roamer,15.35,1,0.50
29,NoLOS,9.87,-14.61,AblationNPC_01,Roamer,26.06,0,0.80
29,NoDistance,9.87,-14.61,AblationNPC_07,Roamer,15.35,1,0.50
29,NoRole,9.87,-14.61,AblationNPC_00,Guard,6.16,1,1.00
29,NoState,9.87,-14.61,AblationNPC_07,Roamer,15.35,1,0.50
30,Full,-14.91,-13.09,AblationNPC_01,Roamer,14.25,1,0.80
30,NoLOS,-14.91,-13.09,AblationNPC_01,Roamer,14.25,1,0.80
30,NoDistance,-14.91,-13.09,AblationNPC_01,Roamer,14.25,1,0.80
30,NoRole,-14.91,-13.09,AblationNPC_05,Leader,9.05,1,1.00
30,NoState,-14.91,-13.09,AblationNPC_07,Roamer,12.78,1,0.50
31,Full,4.62,-13.96,AblationNPC_07,Roamer,10.63,1,0.50
31,NoLOS,4.62,-13.96,AblationNPC_01,Roamer,21.59,0,0.80
31,NoDistance,4.62,-13.96,AblationNPC_07,Roamer,10.63,1,0.50
31,NoRole,4.62,-13.96,AblationNPC_00,Guard,3.22,1,1.00
31,NoState,4.62,-13.96,AblationNPC_07,Roamer,10.63,1,0.50
32,Full,12.41,12.87,AblationNPC_01,Roamer,26.60,1,0.80
32,NoLOS,12.41,12.87,AblationNPC_01,Roamer,26.60,1,0.80
32,NoDistance,12.41,12.87,AblationNPC_01,Roamer,26.60,1,0.80
32,NoRole,12.41,12.87,AblationNPC_00,Guard,24.76,1,1.00
32,NoState,12.41,12.87,AblationNPC_04,Roamer,22.76,1,0.10
33,Full,-1.16,-3.74,AblationNPC_01,Roamer,11.00,1,0.80
33,NoLOS,-1.16,-3.74,AblationNPC_01,Roamer,11.00,1,0.80
33,NoDistance,-1.16,-3.74,AblationNPC_01,Roamer,11.00,1,0.80
33,NoRole,-1.16,-3.74,AblationNPC_06,Guard,2.12,1,0.80
33,NoState,-1.16,-3.74,AblationNPC_01,Roamer,11.00,1,0.80
34,Full,3.50,-13.67,AblationNPC_07,Roamer,9.59,1,0.50
34,NoLOS,3.50,-13.67,AblationNPC_01,Roamer,20.57,0,0.80
34,NoDistance,3.50,-13.67,AblationNPC_07,Roamer,9.59,1,0.50
34,NoRole,3.50,-13.67,AblationNPC_00,Guard,3.28,1,1.00
34,NoState,3.50,-13.67,AblationNPC_07,Roamer,9.59,1,0.50
35,Full,-3.82,-10.74,AblationNPC_07,Roamer,3.56,1,0.50
35,NoLOS,-3.82,-10.74,AblationNPC_07,Roamer,3.56,1,0.50
35,NoDistance,-3.82,-10.74,AblationNPC_07,Roamer,3.56,1,0.50
35,NoRole,-3.82,-10.74,AblationNPC_05,Leader,5.40,1,1.00
35,NoState,-3.82,-10.74,AblationNPC_07,Roamer,3.56,1,0.50
36,Full,-1.89,8.77,AblationNPC_01,Roamer,12.36,1,0.80
36,NoLOS,-1.89,8.77,AblationNPC_01,Roamer,12.36,1,0.80
36,NoDistance,-1.89,8.77,AblationNPC_01,Roamer,12.36,1,0.80
36,NoRole,-1.89,8.77,AblationNPC_05,Leader,17.16,1,1.00
36,NoState,-1.89,8.77,AblationNPC_04,Roamer,7.95,1,0.10
37,Full,0.97,-2.98,AblationNPC_01,Roamer,12.74,1,0.80
37,NoLOS,0.97,-2.98,AblationNPC_01,Roamer,12.74,1,0.80
37,NoDistance,0.97,-2.98,AblationNPC_01,Roamer,12.74,1,0.80
37,NoRole,0.97,-2.98,AblationNPC_06,Guard,2.54,1,0.80
37,NoState,0.97,-2.98,AblationNPC_01,Roamer,12.74,1,0.80
38,Full,-6.08,12.22,AblationNPC_01,Roamer,12.63,1,0.80
38,NoLOS,-6.08,12.22,AblationNPC_01,Roamer,12.63,1,0.80
38,NoDistance,-6.08,12.22,AblationNPC_01,Roamer,12.63,1,0.80
38,NoRole,-6.08,12.22,AblationNPC_05,Leader,19.59,1,1.00
38,NoState,-6.08,12.22,AblationNPC_04,Roamer,5.74,1,0.10
39,Full,2.60,7.05,AblationNPC_01,Roamer,15.23,1,0.80
39,NoLOS,2.60,7.05,AblationNPC_01,Roamer,15.23,1,0.80
39,NoDistance,2.60,7.05,AblationNPC_01,Roamer,15.23,1,0.80
39,NoRole,2.60,7.05,AblationNPC_01,Roamer,15.23,1,0.80
39,NoState,2.60,7.05,AblationNPC_04,Roamer,12.42,1,0.10
40,Full,-14.42,11.45,AblationNPC_01,Roamer,11.23,1,0.80
40,NoLOS,-14.42,11.45,AblationNPC_01,Roamer,11.23,1,0.80
40,NoDistance,-14.42,11.45,AblationNPC_01,Roamer,11.23,1,0.80
40,NoRole,-14.42,11.45,AblationNPC_05,Leader,19.81,1,1.00
40,NoState,-14.42,11.45,AblationNPC_04,Roamer,5.87,1,0.10
41,Full,13.73,-5.01,AblationNPC_01,Roamer,25.61,1,0.80
41,NoLOS,13.73,-5.01,AblationNPC_01,Roamer,25.61,1,0.80
41,NoDistance,13.73,-5.01,AblationNPC_01,Roamer,25.61,1,0.80
41,NoRole,13.73,-5.01,AblationNPC_00,Guard,10.42,1,1.00
41,NoState,13.73,-5.01,AblationNPC_01,Roamer,25.61,1,0.80
42,Full,6.32,-10.13,AblationNPC_00,Guard,1.43,1,1.00
42,NoLOS,6.32,-10.13,AblationNPC_01,Roamer,20.62,0,0.80
42,NoDistance,6.32,-10.13,AblationNPC_01,Roamer,20.62,0,0.80
42,NoRole,6.32,-10.13,AblationNPC_00,Guard,1.43,1,1.00
42,NoState,6.32,-10.13,AblationNPC_00,Guard,1.43,1,1.00
43,Full,-11.91,-1.44,AblationNPC_01,Roamer,2.22,1,0.80
43,NoLOS,-11.91,-1.44,AblationNPC_01,Roamer,2.22,1,0.80
43,NoDistance,-11.91,-1.44,AblationNPC_01,Roamer,2.22,1,0.80
43,NoRole,-11.91,-1.44,AblationNPC_01,Roamer,2.22,1,0.80
43,NoState,-11.91,-1.44,AblationNPC_01,Roamer,2.22,1,0.80
44,Full,-5.00,8.28,AblationNPC_01,Roamer,9.83,1,0.80
44,NoLOS,-5.00,8.28,AblationNPC_01,Roamer,9.83,1,0.80
44,NoDistance,-5.00,8.28,AblationNPC_01,Roamer,9.83,1,0.80
44,NoRole,-5.00,8.28,AblationNPC_05,Leader,15.84,1,1.00
44,NoState,-5.00,8.28,AblationNPC_04,Roamer,4.81,1,0.10
45,Full,-10.54,-10.96,AblationNPC_01,Roamer,11.66,1,0.80
45,NoLOS,-10.54,-10.96,AblationNPC_01,Roamer,11.66,1,0.80
45,NoDistance,-10.54,-10.96,AblationNPC_01,Roamer,11.66,1,0.80
45,NoRole,-10.54,-10.96,AblationNPC_05,Leader,4.49,1,1.00
45,NoState,-10.54,-10.96,AblationNPC_07,Roamer,7.92,1,0.50
46,Full,-8.53,2.75,AblationNPC_01,Roamer,3.40,1,0.80
46,NoLOS,-8.53,2.75,AblationNPC_01,Roamer,3.40,1,0.80
46,NoDistance,-8.53,2.75,AblationNPC_01,Roamer,3.40,1,0.80
46,NoRole,-8.53,2.75,AblationNPC_01,Roamer,3.40,1,0.80
46,NoState,-8.53,2.75,AblationNPC_01,Roamer,3.40,1,0.80
47,Full,0.39,14.61,AblationNPC_01,Roamer,18.14,1,0.80
47,NoLOS,0.39,14.61,AblationNPC_01,Roamer,18.14,1,0.80
47,NoDistance,0.39,14.61,AblationNPC_01,Roamer,18.14,1,0.80
47,NoRole,0.39,14.61,AblationNPC_01,Roamer,18.14,1,0.80
47,NoState,0.39,14.61,AblationNPC_04,Roamer,12.22,1,0.10
48,Full,7.99,5.16,AblationNPC_01,Roamer,19.74,1,0.80
48,NoLOS,7.99,5.16,AblationNPC_01,Roamer,19.74,1,0.80
48,NoDistance,7.99,5.16,AblationNPC_01,Roamer,19.74,1,0.80
48,NoRole,7.99,5.16,AblationNPC_00,Guard,16.20,1,1.00
48,NoState,7.99,5.16,AblationNPC_04,Roamer,17.98,1,0.10
49,Full,6.45,-6.32,AblationNPC_01,Roamer,19.02,1,0.80
49,NoLOS,6.45,-6.32,AblationNPC_01,Roamer,19.02,1,0.80
49,NoDistance,6.45,-6.32,AblationNPC_01,Roamer,19.02,1,0.80
49,NoRole,6.45,-6.32,AblationNPC_00,Guard,4.67,1,1.00
49,NoState,6.45,-6.32,AblationNPC_01,Roamer,19.02,1,0.80
