event_type,event_id,ablation_mode,event_x,event_z,selected_npc,selected_role,distance_m,had_los,state_score
GunshotHeard,0,Full,0.52,-13.94,AblationNPC_07,Roamer,7.89,1,0.50
GunshotHeard,0,NoLOS,0.52,-13.94,AblationNPC_01,Roamer,18.76,0,0.80
GunshotHeard,0,NoDistance,0.52,-13.94,AblationNPC_07,Roamer,7.89,1,0.50
GunshotHeard,0,NoRole,0.52,-13.94,AblationNPC_00,Guard,5.52,1,1.00
GunshotHeard,0,NoState,0.52,-13.94,AblationNPC_07,Roamer,7.89,1,0.50
GunshotHeard,1,Full,9.42,2.32,AblationNPC_04,Roamer,19.99,1,0.10
GunshotHeard,1,NoLOS,9.42,2.32,AblationNPC_01,Roamer,20.72,0,0.80
GunshotHeard,1,NoDistance,9.42,2.32,AblationNPC_04,Roamer,19.99,1,0.10
GunshotHeard,1,NoRole,9.42,2.32,AblationNPC_00,Guard,13.80,1,1.00
GunshotHeard,1,NoState,9.42,2.32,AblationNPC_04,Roamer,19.99,1,0.10
GunshotHeard,2,Full,-3.08,-10.43,AblationNPC_07,Roamer,3.28,1,0.50
GunshotHeard,2,NoLOS,-3.08,-10.43,AblationNPC_07,Roamer,3.28,1,0.50
GunshotHeard,2,NoDistance,-3.08,-10.43,AblationNPC_07,Roamer,3.28,1,0.50
GunshotHeard,2,NoRole,-3.08,-10.43,AblationNPC_05,Leader,5.82,1,1.00
GunshotHeard,2,NoState,-3.08,-10.43,AblationNPC_07,Roamer,3.28,1,0.50
GunshotHeard,3,Full,-12.30,6.15,AblationNPC_01,Roamer,5.57,1,0.80
GunshotHeard,3,NoLOS,-12.30,6.15,AblationNPC_01,Roamer,5.57,1,0.80
GunshotHeard,3,NoDistance,-12.30,6.15,AblationNPC_01,Roamer,5.57,1,0.80
GunshotHeard,3,NoRole,-12.30,6.15,AblationNPC_01,Roamer,5.57,1,0.80
GunshotHeard,3,NoState,-12.30,6.15,AblationNPC_04,Roamer,3.02,1,0.10
GunshotHeard,4,Full,9.49,1.20,AblationNPC_04,Roamer,20.39,1,0.10
GunshotHeard,4,NoLOS,9.49,1.20,AblationNPC_01,Roamer,20.73,0,0.80
GunshotHeard,4,NoDistance,9.49,1.20,AblationNPC_04,Roamer,20.39,1,0.10
GunshotHeard,4,NoRole,9.49,1.20,AblationNPC_00,Guard,12.77,1,1.00
GunshotHeard,4,NoState,9.49,1.20,AblationNPC_04,Roamer,20.39,1,0.10
GunshotHeard,5,Full,-13.68,6.33,AblationNPC_01,Roamer,6.16,1,0.80
GunshotHeard,5,NoLOS,-13.68,6.33,AblationNPC_01,Roamer,6.16,1,0.80
GunshotHeard,5,NoDistance,-13.68,6.33,AblationNPC_01,Roamer,6.16,1,0.80
GunshotHeard,5,NoRole,-13.68,6.33,AblationNPC_05,Leader,14.77,1,1.00
GunshotHeard,5,NoState,-13.68,6.33,AblationNPC_04,Roamer,4.17,1,0.10
GunshotHeard,6,Full,-10.57,12.19,AblationNPC_01,Roamer,11.52,1,0.80
GunshotHeard,6,NoLOS,-10.57,12.19,AblationNPC_01,Roamer,11.52,1,0.80
GunshotHeard,6,NoDistance,-10.57,12.19,AblationNPC_01,Roamer,11.52,1,0.80
GunshotHeard,6,NoRole,-10.57,12.19,AblationNPC_05,Leader,19.64,1,1.00
GunshotHeard,6,NoState,-10.57,12.19,AblationNPC_04,Roamer,4.42,1,0.10
GunshotHeard,7,Full,5.78,0.49,AblationNPC_03,Guard,0.96,1,0.20
GunshotHeard,7,NoLOS,5.78,0.49,AblationNPC_01,Roamer,17.01,0,0.80
GunshotHeard,7,NoDistance,5.78,0.49,AblationNPC_01,Roamer,17.01,0,0.80
GunshotHeard,7,NoRole,5.78,0.49,AblationNPC_03,Guard,0.96,1,0.20
GunshotHeard,7,NoState,5.78,0.49,AblationNPC_03,Guard,0.96,1,0.20
GunshotHeard,8,Full,-9.41,-13.75,AblationNPC_01,Roamer,14.55,1,0.80
GunshotHeard,8,NoLOS,-9.41,-13.75,AblationNPC_01,Roamer,14.55,1,0.80
GunshotHeard,8,NoDistance,-9.41,-13.75,AblationNPC_01,Roamer,14.55,1,0.80
GunshotHeard,8,NoRole,-9.41,-13.75,AblationNPC_05,Leader,6.63,1,1.00
GunshotHeard,8,NoState,-9.41,-13.75,AblationNPC_07,Roamer,8.78,1,0.50
GunshotHeard,9,Full,-5.75,2.49,AblationNPC_01,Roamer,5.77,1,0.80
GunshotHeard,9,NoLOS,-5.75,2.49,AblationNPC_01,Roamer,5.77,1,0.80
GunshotHeard,9,NoDistance,-5.75,2.49,AblationNPC_01,Roamer,5.77,1,0.80
GunshotHeard,9,NoRole,-5.75,2.49,AblationNPC_05,Leader,10.02,1,1.00
GunshotHeard,9,NoState,-5.75,2.49,AblationNPC_01,Roamer,5.77,1,0.80
GunshotHeard,10,Full,9.63,-14.88,AblationNPC_07,Roamer,15.28,1,0.50
GunshotHeard,10,NoLOS,9.63,-14.88,AblationNPC_01,Roamer,26.03,0,0.80
GunshotHeard,10,NoDistance,9.63,-14.88,AblationNPC_07,Roamer,15.28,1,0.50
GunshotHeard,10,NoRole,9.63,-14.88,AblationNPC_00,Guard,6.16,1,1.00
GunshotHeard,10,NoState,9.63,-14.88,AblationNPC_07,Roamer,15.28,1,0.50
GunshotHeard,11,Full,1.07,9.16,AblationNPC_01,Roamer,14.94,1,0.80
GunshotHeard,11,NoLOS,1.07,9.16,AblationNPC_01,Roamer,14.94,1,0.80
GunshotHeard,11,NoDistance,1.07,9.16,AblationNPC_01,Roamer,14.94,1,0.80
GunshotHeard,11,NoRole,1.07,9.16,AblationNPC_01,Roamer,14.94,1,0.80
GunshotHeard,11,NoState,1.07,9.16,AblationNPC_04,Roamer,10.94,1,0.10
GunshotHeard,12,Full,7.45,-3.46,AblationNPC_01,Roamer,19.14,0,0.80
GunshotHeard,12,NoLOS,7.45,-3.46,AblationNPC_01,Roamer,19.14,0,0.80
GunshotHeard,12,NoDistance,7.45,-3.46,AblationNPC_01,Roamer,19.14,0,0.80
GunshotHeard,12,NoRole,7.45,-3.46,AblationNPC_00,Guard,7.70,1,1.00
GunshotHeard,12,NoState,7.45,-3.46,AblationNPC_07,Roamer,11.64,0,0.50
GunshotHeard,13,Full,-10.53,-14.21,AblationNPC_01,Roamer,14.91,1,0.80
GunshotHeard,13,NoLOS,-10.53,-14.21,AblationNPC_01,Roamer,14.91,1,0.80
GunshotHeard,13,NoDistance,-10.53,-14.21,AblationNPC_01,Roamer,14.91,1,0.80
GunshotHeard,13,NoRole,-10.53,-14.21,AblationNPC_05,Leader,7.39,1,1.00
GunshotHeard,13,NoState,-10.53,-14.21,AblationNPC_07,Roamer,9.88,1,0.50
GunshotHeard,14,Full,-13.47,8.45,AblationNPC_01,Roamer,8.08,1,0.80
GunshotHeard,14,NoLOS,-13.47,8.45,AblationNPC_01,Roamer,8.08,1,0.80
GunshotHeard,14,NoDistance,-13.47,8.45,AblationNPC_01,Roamer,8.08,1,0.80
GunshotHeard,14,NoRole,-13.47,8.45,AblationNPC_05,Leader,16.67,1,1.00
GunshotHeard,14,NoState,-13.47,8.45,AblationNPC_04,Roamer,3.73,1,0.10
GunshotHeard,15,Full,3.79,-11.54,AblationNPC_07,Roamer,8.55,1,0.50
GunshotHeard,15,NoLOS,3.79,-11.54,AblationNPC_01,Roamer,19.37,0,0.80
GunshotHeard,15,NoDistance,3.79,-11.54,AblationNPC_07,Roamer,8.55,1,0.50
GunshotHeard,15,NoRole,3.79,-11.54,AblationNPC_00,Guard,1.47,1,1.00
GunshotHeard,15,NoState,3.79,-11.54,AblationNPC_07,Roamer,8.55,1,0.50
GunshotHeard,16,Full,-7.50,8.17,AblationNPC_01,Roamer,8.37,1,0.80
GunshotHeard,16,NoLOS,-7.50,8.17,AblationNPC_01,Roamer,8.37,1,0.80
GunshotHeard,16,NoDistance,-7.50,8.17,AblationNPC_01,Roamer,8.37,1,0.80
GunshotHeard,16,NoRole,-7.50,8.17,AblationNPC_05,Leader,15.46,1,1.00
GunshotHeard,16,NoState,-7.50,8.17,AblationNPC_04,Roamer,2.31,1,0.10
GunshotHeard,17,Full,-6.31,4.44,AblationNPC_01,Roamer,6.20,1,0.80
GunshotHeard,17,NoLOS,-6.31,4.44,AblationNPC_01,Roamer,6.20,1,0.80
GunshotHeard,17,NoDistance,-6.31,4.44,AblationNPC_01,Roamer,6.20,1,0.80
GunshotHeard,17,NoRole,-6.31,4.44,AblationNPC_05,Leader,11.84,1,1.00
GunshotHeard,17,NoState,-6.31,4.44,AblationNPC_04,Roamer,4.86,1,0.10
GunshotHeard,18,Full,-10.69,-13.67,AblationNPC_01,Roamer,14.36,1,0.80
GunshotHeard,18,NoLOS,-10.69,-13.67,AblationNPC_01,Roamer,14.36,1,0.80
GunshotHeard,18,NoDistance,-10.69,-13.67,AblationNPC_01,Roamer,14.36,1,0.80
GunshotHeard,18,NoRole,-10.69,-13.67,AblationNPC_05,Leader,6.94,1,1.00
GunshotHeard,18,NoState,-10.69,-13.67,AblationNPC_07,Roamer,9.62,1,0.50
GunshotHeard,19,Full,3.14,0.48,AblationNPC_01,Roamer,14.37,0,0.80
GunshotHeard,19,NoLOS,3.14,0.48,AblationNPC_01,Roamer,14.37,0,0.80
GunshotHeard,19,NoDistance,3.14,0.48,AblationNPC_01,Roamer,14.37,0,0.80
GunshotHeard,19,NoRole,3.14,0.48,AblationNPC_00,Guard,11.41,0,1.00
GunshotHeard,19,NoState,3.14,0.48,AblationNPC_07,Roamer,10.19,0,0.50
GunshotHeard,20,Full,-13.48,-2.39,AblationNPC_01,Roamer,3.80,1,0.80
GunshotHeard,20,NoLOS,-13.48,-2.39,AblationNPC_01,Roamer,3.80,1,0.80
GunshotHeard,20,NoDistance,-13.48,-2.39,AblationNPC_01,Roamer,3.80,1,0.80
GunshotHeard,20,NoRole,-13.48,-2.39,AblationNPC_01,Roamer,3.80,1,0.80
GunshotHeard,20,NoState,-13.48,-2.39,AblationNPC_01,Roamer,3.80,1,0.80
GunshotHeard,21,Full,6.20,3.85,AblationNPC_01,Roamer,17.72,1,0.80
GunshotHeard,21,NoLOS,6.20,3.85,AblationNPC_01,Roamer,17.72,1,0.80
GunshotHeard,21,NoDistance,6.20,3.85,AblationNPC_01,Roamer,17.72,1,0.80
GunshotHeard,21,NoRole,6.20,3.85,AblationNPC_00,Guard,14.67,1,1.00
GunshotHeard,21,NoState,6.20,3.85,AblationNPC_04,Roamer,16.48,1,0.10
GunshotHeard,22,Full,-8.45,-14.60,AblationNPC_01,Roamer,15.54,0,0.80
GunshotHeard,22,NoLOS,-8.45,-14.60,AblationNPC_01,Roamer,15.54,0,0.80
GunshotHeard,22,NoDistance,-8.45,-14.60,AblationNPC_01,Roamer,15.54,0,0.80
GunshotHeard,22,NoRole,-8.45,-14.60,AblationNPC_05,Leader,7.34,0,1.00
GunshotHeard,22,NoState,-8.45,-14.60,AblationNPC_07,Roamer,8.87,0,0.50
GunshotHeard,23,Full,-4.05,-6.98,AblationNPC_07,Roamer,0.52,0,0.50
GunshotHeard,23,NoLOS,-4.05,-6.98,AblationNPC_07,Roamer,0.52,0,0.50
GunshotHeard,23,NoDistance,-4.05,-6.98,AblationNPC_01,Roamer,10.51,0,0.80
GunshotHeard,23,NoRole,-4.05,-6.98,AblationNPC_07,Roamer,0.52,0,0.50
GunshotHeard,23,NoState,-4.05,-6.98,AblationNPC_07,Roamer,0.52,0,0.50
GunshotHeard,24,Full,-12.94,6.55,AblationNPC_01,Roamer,6.11,1,0.80
GunshotHeard,24,NoLOS,-12.94,6.55,AblationNPC_01,Roamer,6.11,1,0.80
GunshotHeard,24,NoDistance,-12.94,6.55,AblationNPC_01,Roamer,6.11,1,0.80
GunshotHeard,24,NoRole,-12.94,6.55,AblationNPC_05,Leader,14.69,1,1.00
GunshotHeard,24,NoState,-12.94,6.55,AblationNPC_04,Roamer,3.40,1,0.10
GunshotHeard,25,Full,-12.87,-1.08,AblationNPC_01,Roamer,2.40,1,0.80
GunshotHeard,25,NoLOS,-12.87,-1.08,AblationNPC_01,Roamer,2.40,1,0.80
GunshotHeard,25,NoDistance,-12.87,-1.08,AblationNPC_01,Roamer,2.40,1,0.80
GunshotHeard,25,NoRole,-12.87,-1.08,AblationNPC_01,Roamer,2.40,1,0.80
GunshotHeard,25,NoState,-12.87,-1.08,AblationNPC_01,Roamer,2.40,1,0.80
GunshotHeard,26,Full,-14.64,8.93,AblationNPC_01,Roamer,8.93,1,0.80
GunshotHeard,26,NoLOS,-14.64,8.93,AblationNPC_01,Roamer,8.93,1,0.80
GunshotHeard,26,NoDistance,-14.64,8.93,AblationNPC_01,Roamer,8.93,1,0.80
GunshotHeard,26,NoRole,-14.64,8.93,AblationNPC_05,Leader,17.54,1,1.00
GunshotHeard,26,NoState,-14.64,8.93,AblationNPC_04,Roamer,4.97,1,0.10
GunshotHeard,27,Full,-1.82,0.40,AblationNPC_01,Roamer,9.41,0,0.80
GunshotHeard,27,NoLOS,-1.82,0.40,AblationNPC_01,Roamer,9.41,0,0.80
GunshotHeard,27,NoDistance,-1.82,0.40,AblationNPC_01,Roamer,9.41,0,0.80
GunshotHeard,27,NoRole,-1.82,0.40,AblationNPC_05,Leader,9.84,0,1.00
GunshotHeard,27,NoState,-1.82,0.40,AblationNPC_07,Roamer,7.80,0,0.50
GunshotHeard,28,Full,-0.01,-14.73,AblationNPC_01,Roamer,19.07,0,0.80
GunshotHeard,28,NoLOS,-0.01,-14.73,AblationNPC_01,Roamer,19.07,0,0.80
GunshotHeard,28,NoDistance,-0.01,-14.73,AblationNPC_01,Roamer,19.07,0,0.80
GunshotHeard,28,NoRole,-0.01,-14.73,AblationNPC_00,Guard,6.42,1,1.00
GunshotHeard,28,NoState,-0.01,-14.73,AblationNPC_07,Roamer,8.34,0,0.50
GunshotHeard,29,Full,9.87,-14.61,AblationNPC_07,Roamer,15.35,1,0.50
GunshotHeard,29,NoLOS,9.87,-14.61,AblationNPC_01,Roamer,26.06,0,0.80
GunshotHeard,29,NoDistance,9.87,-14.61,AblationNPC_07,Roamer,15.35,1,0.50
GunshotHeard,29,NoRole,9.87,-14.61,AblationNPC_00,Guard,6.16,1,1.00
GunshotHeard,29,NoState,9.87,-14.61,AblationNPC_07,Roamer,15.35,1,0.50
GunshotHeard,30,Full,-14.91,-13.09,AblationNPC_01,Roamer,14.25,1,0.80
GunshotHeard,30,NoLOS,-14.91,-13.09,AblationNPC_01,Roamer,14.25,1,0.80
GunshotHeard,30,NoDistance,-14.91,-13.09,AblationNPC_01,Roamer,14.25,1,0.80
GunshotHeard,30,NoRole,-14.91,-13.09,AblationNPC_05,Leader,9.05,1,1.00
GunshotHeard,30,NoState,-14.91,-13.09,AblationNPC_07,Roamer,12.78,1,0.50
GunshotHeard,31,Full,4.62,-13.96,AblationNPC_07,Roamer,10.63,1,0.50
GunshotHeard,31,NoLOS,4.62,-13.96,AblationNPC_01,Roamer,21.59,0,0.80
GunshotHeard,31,NoDistance,4.62,-13.96,AblationNPC_07,Roamer,10.63,1,0.50
GunshotHeard,31,NoRole,4.62,-13.96,AblationNPC_00,Guard,3.22,1,1.00
GunshotHeard,31,NoState,4.62,-13.96,AblationNPC_07,Roamer,10.63,1,0.50
GunshotHeard,32,Full,12.41,12.87,AblationNPC_01,Roamer,26.60,1,0.80
GunshotHeard,32,NoLOS,12.41,12.87,AblationNPC_01,Roamer,26.60,1,0.80
GunshotHeard,32,NoDistance,12.41,12.87,AblationNPC_01,Roamer,26.60,1,0.80
GunshotHeard,32,NoRole,12.41,12.87,AblationNPC_00,Guard,24.76,1,1.00
GunshotHeard,32,NoState,12.41,12.87,AblationNPC_04,Roamer,22.76,1,0.10
GunshotHeard,33,Full,-1.16,-3.74,AblationNPC_01,Roamer,11.00,1,0.80
GunshotHeard,33,NoLOS,-1.16,-3.74,AblationNPC_01,Roamer,11.00,1,0.80
GunshotHeard,33,NoDistance,-1.16,-3.74,AblationNPC_01,Roamer,11.00,1,0.80
GunshotHeard,33,NoRole,-1.16,-3.74,AblationNPC_06,Guard,2.12,1,0.80
GunshotHeard,33,NoState,-1.16,-3.74,AblationNPC_01,Roamer,11.00,1,0.80
GunshotHeard,34,Full,3.50,-13.67,AblationNPC_07,Roamer,9.59,1,0.50
GunshotHeard,34,NoLOS,3.50,-13.67,AblationNPC_01,Roamer,20.57,0,0.80
GunshotHeard,34,NoDistance,3.50,-13.67,AblationNPC_07,Roamer,9.59,1,0.50
GunshotHeard,34,NoRole,3.50,-13.67,AblationNPC_00,Guard,3.28,1,1.00
GunshotHeard,34,NoState,3.50,-13.67,AblationNPC_07,Roamer,9.59,1,0.50
GunshotHeard,35,Full,-3.82,-10.74,AblationNPC_07,Roamer,3.56,1,0.50
GunshotHeard,35,NoLOS,-3.82,-10.74,AblationNPC_07,Roamer,3.56,1,0.50
GunshotHeard,35,NoDistance,-3.82,-10.74,AblationNPC_07,Roamer,3.56,1,0.50
GunshotHeard,35,NoRole,-3.82,-10.74,AblationNPC_05,Leader,5.40,1,1.00
GunshotHeard,35,NoState,-3.82,-10.74,AblationNPC_07,Roamer,3.56,1,0.50
GunshotHeard,36,Full,-1.89,8.77,AblationNPC_01,Roamer,12.36,1,0.80
GunshotHeard,36,NoLOS,-1.89,8.77,AblationNPC_01,Roamer,12.36,1,0.80
GunshotHeard,36,NoDistance,-1.89,8.77,AblationNPC_01,Roamer,12.36,1,0.80
GunshotHeard,36,NoRole,-1.89,8.77,AblationNPC_05,Leader,17.16,1,1.00
GunshotHeard,36,NoState,-1.89,8.77,AblationNPC_04,Roamer,7.95,1,0.10
GunshotHeard,37,Full,0.97,-2.98,AblationNPC_01,Roamer,12.74,1,0.80
GunshotHeard,37,NoLOS,0.97,-2.98,AblationNPC_01,Roamer,12.74,1,0.80
GunshotHeard,37,NoDistance,0.97,-2.98,AblationNPC_01,Roamer,12.74,1,0.80
GunshotHeard,37,NoRole,0.97,-2.98,AblationNPC_06,Guard,2.54,1,0.80
GunshotHeard,37,NoState,0.97,-2.98,AblationNPC_01,Roamer,12.74,1,0.80
GunshotHeard,38,Full,-6.08,12.22,AblationNPC_01,Roamer,12.63,1,0.80
GunshotHeard,38,NoLOS,-6.08,12.22,AblationNPC_01,Roamer,12.63,1,0.80
GunshotHeard,38,NoDistance,-6.08,12.22,AblationNPC_01,Roamer,12.63,1,0.80
GunshotHeard,38,NoRole,-6.08,12.22,AblationNPC_05,Leader,19.59,1,1.00
GunshotHeard,38,NoState,-6.08,12.22,AblationNPC_04,Roamer,5.74,1,0.10
GunshotHeard,39,Full,2.60,7.05,AblationNPC_01,Roamer,15.23,1,0.80
GunshotHeard,39,NoLOS,2.60,7.05,AblationNPC_01,Roamer,15.23,1,0.80
GunshotHeard,39,NoDistance,2.60,7.05,AblationNPC_01,Roamer,15.23,1,0.80
GunshotHeard,39,NoRole,2.60,7.05,AblationNPC_01,Roamer,15.23,1,0.80
GunshotHeard,39,NoState,2.60,7.05,AblationNPC_04,Roamer,12.42,1,0.10
GunshotHeard,40,Full,-14.42,11.45,AblationNPC_01,Roamer,11.23,1,0.80
GunshotHeard,40,NoLOS,-14.42,11.45,AblationNPC_01,Roamer,11.23,1,0.80
GunshotHeard,40,NoDistance,-14.42,11.45,AblationNPC_01,Roamer,11.23,1,0.80
GunshotHeard,40,NoRole,-14.42,11.45,AblationNPC_05,Leader,19.81,1,1.00
GunshotHeard,40,NoState,-14.42,11.45,AblationNPC_04,Roamer,5.87,1,0.10
GunshotHeard,41,Full,13.73,-5.01,AblationNPC_01,Roamer,25.61,1,0.80
GunshotHeard,41,NoLOS,13.73,-5.01,AblationNPC_01,Roamer,25.61,1,0.80
GunshotHeard,41,NoDistance,13.73,-5.01,AblationNPC_01,Roamer,25.61,1,0.80
GunshotHeard,41,NoRole,13.73,-5.01,AblationNPC_00,Guard,10.42,1,1.00
GunshotHeard,41,NoState,13.73,-5.01,AblationNPC_01,Roamer,25.61,1,0.80
GunshotHeard,42,Full,6.32,-10.13,AblationNPC_00,Guard,1.43,1,1.00
GunshotHeard,42,NoLOS,6.32,-10.13,AblationNPC_01,Roamer,20.62,0,0.80
GunshotHeard,42,NoDistance,6.32,-10.13,AblationNPC_01,Roamer,20.62,0,0.80
GunshotHeard,42,NoRole,6.32,-10.13,AblationNPC_00,Guard,1.43,1,1.00
GunshotHeard,42,NoState,6.32,-10.13,AblationNPC_00,Guard,1.43,1,1.00
GunshotHeard,43,Full,-11.91,-1.44,AblationNPC_01,Roamer,2.22,1,0.80
GunshotHeard,43,NoLOS,-11.91,-1.44,AblationNPC_01,Roamer,2.22,1,0.80
GunshotHeard,43,NoDistance,-11.91,-1.44,AblationNPC_01,Roamer,2.22,1,0.80
GunshotHeard,43,NoRole,-11.91,-1.44,AblationNPC_01,Roamer,2.22,1,0.80
GunshotHeard,43,NoState,-11.91,-1.44,AblationNPC_01,Roamer,2.22,1,0.80
GunshotHeard,44,Full,-5.00,8.28,AblationNPC_01,Roamer,9.83,1,0.80
GunshotHeard,44,NoLOS,-5.00,8.28,AblationNPC_01,Roamer,9.83,1,0.80
GunshotHeard,44,NoDistance,-5.00,8.28,AblationNPC_01,Roamer,9.83,1,0.80
GunshotHeard,44,NoRole,-5.00,8.28,AblationNPC_05,Leader,15.84,1,1.00
GunshotHeard,44,NoState,-5.00,8.28,AblationNPC_04,Roamer,4.81,1,0.10
GunshotHeard,45,Full,-10.54,-10.96,AblationNPC_01,Roamer,11.66,1,0.80
GunshotHeard,45,NoLOS,-10.54,-10.96,AblationNPC_01,Roamer,11.66,1,0.80
GunshotHeard,45,NoDistance,-10.54,-10.96,AblationNPC_01,Roamer,11.66,1,0.80
GunshotHeard,45,NoRole,-10.54,-10.96,AblationNPC_05,Leader,4.49,1,1.00
GunshotHeard,45,NoState,-10.54,-10.96,AblationNPC_07,Roamer,7.92,1,0.50
GunshotHeard,46,Full,-8.53,2.75,AblationNPC_01,Roamer,3.40,1,0.80
GunshotHeard,46,NoLOS,-8.53,2.75,AblationNPC_01,Roamer,3.40,1,0.80
GunshotHeard,46,NoDistance,-8.53,2.75,AblationNPC_01,Roamer,3.40,1,0.80
GunshotHeard,46,NoRole,-8.53,2.75,AblationNPC_01,Roamer,3.40,1,0.80
GunshotHeard,46,NoState,-8.53,2.75,AblationNPC_01,Roamer,3.40,1,0.80
GunshotHeard,47,Full,0.39,14.61,AblationNPC_01,Roamer,18.14,1,0.80
GunshotHeard,47,NoLOS,0.39,14.61,AblationNPC_01,Roamer,18.14,1,0.80
GunshotHeard,47,NoDistance,0.39,14.61,AblationNPC_01,Roamer,18.14,1,0.80
GunshotHeard,47,NoRole,0.39,14.61,AblationNPC_01,Roamer,18.14,1,0.80
GunshotHeard,47,NoState,0.39,14.61,AblationNPC_04,Roamer,12.22,1,0.10
GunshotHeard,48,Full,7.99,5.16,AblationNPC_01,Roamer,19.74,1,0.80
GunshotHeard,48,NoLOS,7.99,5.16,AblationNPC_01,Roamer,19.74,1,0.80
GunshotHeard,48,NoDistance,7.99,5.16,AblationNPC_01,Roamer,19.74,1,0.80
GunshotHeard,48,NoRole,7.99,5.16,AblationNPC_00,Guard,16.20,1,1.00
GunshotHeard,48,NoState,7.99,5.16,AblationNPC_04,Roamer,17.98,1,0.10
GunshotHeard,49,Full,6.45,-6.32,AblationNPC_01,Roamer,19.02,1,0.80
GunshotHeard,49,NoLOS,6.45,-6.32,AblationNPC_01,Roamer,19.02,1,0.80
GunshotHeard,49,NoDistance,6.45,-6.32,AblationNPC_01,Roamer,19.02,1,0.80
GunshotHeard,49,NoRole,6.45,-6.32,AblationNPC_00,Guard,4.67,1,1.00
GunshotHeard,49,NoState,6.45,-6.32,AblationNPC_01,Roamer,19.02,1,0.80
RoomBreached,0,Full,0.52,-13.94,AblationNPC_00,Guard,5.52,1,1.00
RoomBreached,0,NoLOS,0.52,-13.94,AblationNPC_00,Guard,5.52,1,1.00
RoomBreached,0,NoDistance,0.52,-13.94,AblationNPC_00,Guard,5.52,1,1.00
RoomBreached,0,NoRole,0.52,-13.94,AblationNPC_00,Guard,5.52,1,1.00
RoomBreached,0,NoState,0.52,-13.94,AblationNPC_00,Guard,5.52,1,1.00
RoomBreached,1,Full,9.42,2.32,AblationNPC_00,Guard,13.80,1,1.00
RoomBreached,1,NoLOS,9.42,2.32,AblationNPC_00,Guard,13.80,1,1.00
RoomBreached,1,NoDistance,9.42,2.32,AblationNPC_00,Guard,13.80,1,1.00
RoomBreached,1,NoRole,9.42,2.32,AblationNPC_00,Guard,13.80,1,1.00
RoomBreached,1,NoState,9.42,2.32,AblationNPC_03,Guard,3.31,1,0.20
RoomBreached,2,Full,-3.08,-10.43,AblationNPC_00,Guard,8.13,1,1.00
RoomBreached,2,NoLOS,-3.08,-10.43,AblationNPC_00,Guard,8.13,1,1.00
RoomBreached,2,NoDistance,-3.08,-10.43,AblationNPC_00,Guard,8.13,1,1.00
RoomBreached,2,NoRole,-3.08,-10.43,AblationNPC_05,Leader,5.82,1,1.00
RoomBreached,2,NoState,-3.08,-10.43,AblationNPC_00,Guard,8.13,1,1.00
RoomBreached,3,Full,-12.30,6.15,AblationNPC_06,Guard,16.99,1,0.80
RoomBreached,3,NoLOS,-12.30,6.15,AblationNPC_00,Guard,24.23,0,1.00
RoomBreached,3,NoDistance,-12.30,6.15,AblationNPC_06,Guard,16.99,1,0.80
RoomBreached,3,NoRole,-12.30,6.15,AblationNPC_01,Roamer,5.57,1,0.80
RoomBreached,3,NoState,-12.30,6.15,AblationNPC_06,Guard,16.99,1,0.80
RoomBreached,4,Full,9.49,1.20,AblationNPC_00,Guard,12.77,1,1.00
RoomBreached,4,NoLOS,9.49,1.20,AblationNPC_00,Guard,12.77,1,1.00
RoomBreached,4,NoDistance,9.49,1.20,AblationNPC_00,Guard,12.77,1,1.00
RoomBreached,4,NoRole,9.49,1.20,AblationNPC_00,Guard,12.77,1,1.00
RoomBreached,4,NoState,9.49,1.20,AblationNPC_03,Guard,2.87,1,0.20
RoomBreached,5,Full,-13.68,6.33,AblationNPC_03,Guard,21.26,1,0.20
RoomBreached,5,NoLOS,-13.68,6.33,AblationNPC_00,Guard,25.36,0,1.00
RoomBreached,5,NoDistance,-13.68,6.33,AblationNPC_03,Guard,21.26,1,0.20
RoomBreached,5,NoRole,-13.68,6.33,AblationNPC_05,Leader,14.77,1,1.00
RoomBreached,5,NoState,-13.68,6.33,AblationNPC_03,Guard,21.26,1,0.20
RoomBreached,6,Full,-10.57,12.19,AblationNPC_03,Guard,20.94,1,0.20
RoomBreached,6,NoLOS,-10.57,12.19,AblationNPC_00,Guard,27.76,0,1.00
RoomBreached,6,NoDistance,-10.57,12.19,AblationNPC_03,Guard,20.94,1,0.20
RoomBreached,6,NoRole,-10.57,12.19,AblationNPC_05,Leader,19.64,1,1.00
RoomBreached,6,NoState,-10.57,12.19,AblationNPC_03,Guard,20.94,1,0.20
RoomBreached,7,Full,5.78,0.49,AblationNPC_03,Guard,0.96,1,0.20
RoomBreached,7,NoLOS,5.78,0.49,AblationNPC_03,Guard,0.96,1,0.20
RoomBreached,7,NoDistance,5.78,0.49,AblationNPC_00,Guard,11.29,1,1.00
RoomBreached,7,NoRole,5.78,0.49,AblationNPC_03,Guard,0.96,1,0.20
RoomBreached,7,NoState,5.78,0.49,AblationNPC_03,Guard,0.96,1,0.20
RoomBreached,8,Full,-9.41,-13.75,AblationNPC_00,Guard,14.76,0,1.00
RoomBreached,8,NoLOS,-9.41,-13.75,AblationNPC_00,Guard,14.76,0,1.00
RoomBreached,8,NoDistance,-9.41,-13.75,AblationNPC_00,Guard,14.76,0,1.00
RoomBreached,8,NoRole,-9.41,-13.75,AblationNPC_05,Leader,6.63,1,1.00
RoomBreached,8,NoState,-9.41,-13.75,AblationNPC_06,Guard,12.71,0,0.80
RoomBreached,9,Full,-5.75,2.49,AblationNPC_00,Guard,17.11,0,1.00
RoomBreached,9,NoLOS,-5.75,2.49,AblationNPC_00,Guard,17.11,0,1.00
RoomBreached,9,NoDistance,-5.75,2.49,AblationNPC_00,Guard,17.11,0,1.00
RoomBreached,9,NoRole,-5.75,2.49,AblationNPC_05,Leader,10.02,1,1.00
RoomBreached,9,NoState,-5.75,2.49,AblationNPC_06,Guard,9.86,0,0.80
RoomBreached,10,Full,9.63,-14.88,AblationNPC_00,Guard,6.16,1,1.00
RoomBreached,10,NoLOS,9.63,-14.88,AblationNPC_00,Guard,6.16,1,1.00
RoomBreached,10,NoDistance,9.63,-14.88,AblationNPC_00,Guard,6.16,1,1.00
RoomBreached,10,NoRole,9.63,-14.88,AblationNPC_00,Guard,6.16,1,1.00
RoomBreached,10,NoState,9.63,-14.88,AblationNPC_00,Guard,6.16,1,1.00
RoomBreached,11,Full,1.07,9.16,AblationNPC_03,Guard,10.44,1,0.20
RoomBreached,11,NoLOS,1.07,9.16,AblationNPC_00,Guard,20.32,0,1.00
RoomBreached,11,NoDistance,1.07,9.16,AblationNPC_03,Guard,10.44,1,0.20
RoomBreached,11,NoRole,1.07,9.16,AblationNPC_01,Roamer,14.94,1,0.80
RoomBreached,11,NoState,1.07,9.16,AblationNPC_03,Guard,10.44,1,0.20
RoomBreached,12,Full,7.45,-3.46,AblationNPC_00,Guard,7.70,1,1.00
RoomBreached,12,NoLOS,7.45,-3.46,AblationNPC_00,Guard,7.70,1,1.00
RoomBreached,12,NoDistance,7.45,-3.46,AblationNPC_00,Guard,7.70,1,1.00
RoomBreached,12,NoRole,7.45,-3.46,AblationNPC_00,Guard,7.70,1,1.00
RoomBreached,12,NoState,7.45,-3.46,AblationNPC_03,Guard,3.92,1,0.20
RoomBreached,13,Full,-10.53,-14.21,AblationNPC_00,Guard,15.94,0,1.00
RoomBreached,13,NoLOS,-10.53,-14.21,AblationNPC_00,Guard,15.94,0,1.00
RoomBreached,13,NoDistance,-10.53,-14.21,AblationNPC_00,Guard,15.94,0,1.00
RoomBreached,13,NoRole,-10.53,-14.21,AblationNPC_05,Leader,7.39,1,1.00
RoomBreached,13,NoState,-10.53,-14.21,AblationNPC_06,Guard,13.86,0,0.80
RoomBreached,14,Full,-13.47,8.45,AblationNPC_03,Guard,21.75,1,0.20
RoomBreached,14,NoLOS,-13.47,8.45,AblationNPC_00,Guard,26.69,0,1.00
RoomBreached,14,NoDistance,-13.47,8.45,AblationNPC_03,Guard,21.75,1,0.20
RoomBreached,14,NoRole,-13.47,8.45,AblationNPC_05,Leader,16.67,1,1.00
RoomBreached,14,NoState,-13.47,8.45,AblationNPC_03,Guard,21.75,1,0.20
RoomBreached,15,Full,3.79,-11.54,AblationNPC_00,Guard,1.47,1,1.00
RoomBreached,15,NoLOS,3.79,-11.54,AblationNPC_00,Guard,1.47,1,1.00
RoomBreached,15,NoDistance,3.79,-11.54,AblationNPC_00,Guard,1.47,1,1.00
RoomBreached,15,NoRole,3.79,-11.54,AblationNPC_00,Guard,1.47,1,1.00
RoomBreached,15,NoState,3.79,-11.54,AblationNPC_00,Guard,1.47,1,1.00
RoomBreached,16,Full,-7.50,8.17,AblationNPC_03,Guard,16.22,1,0.20
RoomBreached,16,NoLOS,-7.50,8.17,AblationNPC_00,Guard,22.72,0,1.00
RoomBreached,16,NoDistance,-7.50,8.17,AblationNPC_03,Guard,16.22,1,0.20
RoomBreached,16,NoRole,-7.50,8.17,AblationNPC_05,Leader,15.46,1,1.00
RoomBreached,16,NoState,-7.50,8.17,AblationNPC_03,Guard,16.22,1,0.20
RoomBreached,17,Full,-6.31,4.44,AblationNPC_03,Guard,13.66,1,0.20
RoomBreached,17,NoLOS,-6.31,4.44,AblationNPC_00,Guard,18.99,0,1.00
RoomBreached,17,NoDistance,-6.31,4.44,AblationNPC_03,Guard,13.66,1,0.20
RoomBreached,17,NoRole,-6.31,4.44,AblationNPC_05,Leader,11.84,1,1.00
RoomBreached,17,NoState,-6.31,4.44,AblationNPC_03,Guard,13.66,1,0.20
RoomBreached,18,Full,-10.69,-13.67,AblationNPC_00,Guard,16.00,0,1.00
RoomBreached,18,NoLOS,-10.69,-13.67,AblationNPC_00,Guard,16.00,0,1.00
RoomBreached,18,NoDistance,-10.69,-13.67,AblationNPC_00,Guard,16.00,0,1.00
RoomBreached,18,NoRole,-10.69,-13.67,AblationNPC_05,Leader,6.94,1,1.00
RoomBreached,18,NoState,-10.69,-13.67,AblationNPC_06,Guard,13.65,0,0.80
RoomBreached,19,Full,3.14,0.48,AblationNPC_00,Guard,11.41,0,1.00
RoomBreached,19,NoLOS,3.14,0.48,AblationNPC_00,Guard,11.41,0,1.00
RoomBreached,19,NoDistance,3.14,0.48,AblationNPC_00,Guard,11.41,0,1.00
RoomBreached,19,NoRole,3.14,0.48,AblationNPC_00,Guard,11.41,0,1.00
RoomBreached,19,NoState,3.14,0.48,AblationNPC_03,Guard,3.60,0,0.20
RoomBreached,20,Full,-13.48,-2.39,AblationNPC_06,Guard,13.97,1,0.80
RoomBreached,20,NoLOS,-13.48,-2.39,AblationNPC_00,Guard,20.33,0,1.00
RoomBreached,20,NoDistance,-13.48,-2.39,AblationNPC_06,Guard,13.97,1,0.80
RoomBreached,20,NoRole,-13.48,-2.39,AblationNPC_01,Roamer,3.80,1,0.80
RoomBreached,20,NoState,-13.48,-2.39,AblationNPC_06,Guard,13.97,1,0.80
RoomBreached,21,Full,6.20,3.85,AblationNPC_00,Guard,14.67,1,1.00
RoomBreached,21,NoLOS,6.20,3.85,AblationNPC_00,Guard,14.67,1,1.00
RoomBreached,21,NoDistance,6.20,3.85,AblationNPC_00,Guard,14.67,1,1.00
RoomBreached,21,NoRole,6.20,3.85,AblationNPC_00,Guard,14.67,1,1.00
RoomBreached,21,NoState,6.20,3.85,AblationNPC_03,Guard,3.51,1,0.20
RoomBreached,22,Full,-8.45,-14.60,AblationNPC_00,Guard,14.02,0,1.00
RoomBreached,22,NoLOS,-8.45,-14.60,AblationNPC_00,Guard,14.02,0,1.00
RoomBreached,22,NoDistance,-8.45,-14.60,AblationNPC_00,Guard,14.02,0,1.00
RoomBreached,22,NoRole,-8.45,-14.60,AblationNPC_05,Leader,7.34,0,1.00
RoomBreached,22,NoState,-8.45,-14.60,AblationNPC_06,Guard,12.61,0,0.80
RoomBreached,23,Full,-4.05,-6.98,AblationNPC_07,Roamer,0.52,0,0.50
RoomBreached,23,NoLOS,-4.05,-6.98,AblationNPC_07,Roamer,0.52,0,0.50
RoomBreached,23,NoDistance,-4.05,-6.98,AblationNPC_00,Guard,9.85,0,1.00
RoomBreached,23,NoRole,-4.05,-6.98,AblationNPC_07,Roamer,0.52,0,0.50
RoomBreached,23,NoState,-4.05,-6.98,AblationNPC_07,Roamer,0.52,0,0.50
RoomBreached,24,Full,-12.94,6.55,AblationNPC_06,Guard,17.73,1,0.80
RoomBreached,24,NoLOS,-12.94,6.55,AblationNPC_00,Guard,24.97,0,1.00
RoomBreached,24,NoDistance,-12.94,6.55,AblationNPC_06,Guard,17.73,1,0.80
RoomBreached,24,NoRole,-12.94,6.55,AblationNPC_05,Leader,14.69,1,1.00
RoomBreached,24,NoState,-12.94,6.55,AblationNPC_06,Guard,17.73,1,0.80
RoomBreached,25,Full,-12.87,-1.08,AblationNPC_06,Guard,13.74,1,0.80
RoomBreached,25,NoLOS,-12.87,-1.08,AblationNPC_00,Guard,20.37,0,1.00
RoomBreached,25,NoDistance,-12.87,-1.08,AblationNPC_06,Guard,13.74,1,0.80
RoomBreached,25,NoRole,-12.87,-1.08,AblationNPC_01,Roamer,2.40,1,0.80
RoomBreached,25,NoState,-12.87,-1.08,AblationNPC_06,Guard,13.74,1,0.80
RoomBreached,26,Full,-14.64,8.93,AblationNPC_03,Guard,23.02,1,0.20
RoomBreached,26,NoLOS,-14.64,8.93,AblationNPC_00,Guard,27.85,0,1.00
RoomBreached,26,NoDistance,-14.64,8.93,AblationNPC_03,Guard,23.02,1,0.20
RoomBreached,26,NoRole,-14.64,8.93,AblationNPC_05,Leader,17.54,1,1.00
RoomBreached,26,NoState,-14.64,8.93,AblationNPC_03,Guard,23.02,1,0.20
RoomBreached,27,Full,-1.82,0.40,AblationNPC_00,Guard,13.12,0,1.00
RoomBreached,27,NoLOS,-1.82,0.40,AblationNPC_00,Guard,13.12,0,1.00
RoomBreached,27,NoDistance,-1.82,0.40,AblationNPC_00,Guard,13.12,0,1.00
RoomBreached,27,NoRole,-1.82,0.40,AblationNPC_05,Leader,9.84,0,1.00
RoomBreached,27,NoState,-1.82,0.40,AblationNPC_06,Guard,6.13,0,0.80
RoomBreached,28,Full,-0.01,-14.73,AblationNPC_00,Guard,6.42,1,1.00
RoomBreached,28,NoLOS,-0.01,-14.73,AblationNPC_00,Guard,6.42,1,1.00
RoomBreached,28,NoDistance,-0.01,-14.73,AblationNPC_00,Guard,6.42,1,1.00
RoomBreached,28,NoRole,-0.01,-14.73,AblationNPC_00,Guard,6.42,1,1.00
RoomBreached,28,NoState,-0.01,-14.73,AblationNPC_00,Guard,6.42,1,1.00
RoomBreached,29,Full,9.87,-14.61,AblationNPC_00,Guard,6.16,1,1.00
RoomBreached,29,NoLOS,9.87,-14.61,AblationNPC_00,Guard,6.16,1,1.00
RoomBreached,29,NoDistance,9.87,-14.61,AblationNPC_00,Guard,6.16,1,1.00
RoomBreached,29,NoRole,9.87,-14.61,AblationNPC_00,Guard,6.16,1,1.00
RoomBreached,29,NoState,9.87,-14.61,AblationNPC_00,Guard,6.16,1,1.00
RoomBreached,30,Full,-14.91,-13.09,AblationNPC_00,Guard,20.08,0,1.00
RoomBreached,30,NoLOS,-14.91,-13.09,AblationNPC_00,Guard,20.08,0,1.00
RoomBreached,30,NoDistance,-14.91,-13.09,AblationNPC_00,Guard,20.08,0,1.00
RoomBreached,30,NoRole,-14.91,-13.09,AblationNPC_05,Leader,9.05,1,1.00
RoomBreached,30,NoState,-14.91,-13.09,AblationNPC_06,Guard,16.93,0,0.80
RoomBreached,31,Full,4.62,-13.96,AblationNPC_00,Guard,3.22,1,1.00
RoomBreached,31,NoLOS,4.62,-13.96,AblationNPC_00,Guard,3.22,1,1.00
RoomBreached,31,NoDistance,4.62,-13.96,AblationNPC_00,Guard,3.22,1,1.00
RoomBreached,31,NoRole,4.62,-13.96,AblationNPC_00,Guard,3.22,1,1.00
RoomBreached,31,NoState,4.62,-13.96,AblationNPC_00,Guard,3.22,1,1.00
RoomBreached,32,Full,12.41,12.87,AblationNPC_00,Guard,24.76,1,1.00
RoomBreached,32,NoLOS,12.41,12.87,AblationNPC_00,Guard,24.76,1,1.00
RoomBreached,32,NoDistance,12.41,12.87,AblationNPC_00,Guard,24.76,1,1.00
RoomBreached,32,NoRole,12.41,12.87,AblationNPC_00,Guard,24.76,1,1.00
RoomBreached,32,NoState,12.41,12.87,AblationNPC_03,Guard,13.71,1,0.20
RoomBreached,33,Full,-1.16,-3.74,AblationNPC_06,Guard,2.12,1,0.80
RoomBreached,33,NoLOS,-1.16,-3.74,AblationNPC_06,Guard,2.12,1,0.80
RoomBreached,33,NoDistance,-1.16,-3.74,AblationNPC_06,Guard,2.12,1,0.80
RoomBreached,33,NoRole,-1.16,-3.74,AblationNPC_06,Guard,2.12,1,0.80
RoomBreached,33,NoState,-1.16,-3.74,AblationNPC_06,Guard,2.12,1,0.80
RoomBreached,34,Full,3.50,-13.67,AblationNPC_00,Guard,3.28,1,1.00
RoomBreached,34,NoLOS,3.50,-13.67,AblationNPC_00,Guard,3.28,1,1.00
RoomBreached,34,NoDistance,3.50,-13.67,AblationNPC_00,Guard,3.28,1,1.00
RoomBreached,34,NoRole,3.50,-13.67,AblationNPC_00,Guard,3.28,1,1.00
RoomBreached,34,NoState,3.50,-13.67,AblationNPC_00,Guard,3.28,1,1.00
RoomBreached,35,Full,-3.82,-10.74,AblationNPC_00,Guard,8.86,1,1.00
RoomBreached,35,NoLOS,-3.82,-10.74,AblationNPC_00,Guard,8.86,1,1.00
RoomBreached,35,NoDistance,-3.82,-10.74,AblationNPC_00,Guard,8.86,1,1.00
RoomBreached,35,NoRole,-3.82,-10.74,AblationNPC_05,Leader,5.40,1,1.00
RoomBreached,35,NoState,-3.82,-10.74,AblationNPC_00,Guard,8.86,1,1.00
RoomBreached,36,Full,-1.89,8.77,AblationNPC_03,Guard,12.03,1,0.20
RoomBreached,36,NoLOS,-1.89,8.77,AblationNPC_00,Guard,20.74,0,1.00
RoomBreached,36,NoDistance,-1.89,8.77,AblationNPC_03,Guard,12.03,1,0.20
RoomBreached,36,NoRole,-1.89,8.77,AblationNPC_05,Leader,17.16,1,1.00
RoomBreached,36,NoState,-1.89,8.77,AblationNPC_03,Guard,12.03,1,0.20
RoomBreached,37,Full,0.97,-2.98,AblationNPC_06,Guard,2.54,1,0.80
RoomBreached,37,NoLOS,0.97,-2.98,AblationNPC_06,Guard,2.54,1,0.80
RoomBreached,37,NoDistance,0.97,-2.98,AblationNPC_06,Guard,2.54,1,0.80
RoomBreached,37,NoRole,0.97,-2.98,AblationNPC_06,Guard,2.54,1,0.80
RoomBreached,37,NoState,0.97,-2.98,AblationNPC_06,Guard,2.54,1,0.80
RoomBreached,38,Full,-6.08,12.22,AblationNPC_03,Guard,17.44,1,0.20
RoomBreached,38,NoLOS,-6.08,12.22,AblationNPC_00,Guard,25.54,0,1.00
RoomBreached,38,NoDistance,-6.08,12.22,AblationNPC_03,Guard,17.44,1,0.20
RoomBreached,38,NoRole,-6.08,12.22,AblationNPC_05,Leader,19.59,1,1.00
RoomBreached,38,NoState,-6.08,12.22,AblationNPC_03,Guard,17.44,1,0.20
RoomBreached,39,Full,2.60,7.05,AblationNPC_03,Guard,7.84,1,0.20
RoomBreached,39,NoLOS,2.60,7.05,AblationNPC_00,Guard,17.99,0,1.00
RoomBreached,39,NoDistance,2.60,7.05,AblationNPC_03,Guard,7.84,1,0.20
RoomBreached,39,NoRole,2.60,7.05,AblationNPC_01,Roamer,15.23,1,0.80
RoomBreached,39,NoState,2.60,7.05,AblationNPC_03,Guard,7.84,1,0.20
RoomBreached,40,Full,-14.42,11.45,AblationNPC_03,Guard,23.87,1,0.20
RoomBreached,40,NoLOS,-14.42,11.45,AblationNPC_00,Guard,29.54,0,1.00
RoomBreached,40,NoDistance,-14.42,11.45,AblationNPC_03,Guard,23.87,1,0.20
RoomBreached,40,NoRole,-14.42,11.45,AblationNPC_05,Leader,19.81,1,1.00
RoomBreached,40,NoState,-14.42,11.45,AblationNPC_03,Guard,23.87,1,0.20
RoomBreached,41,Full,13.73,-5.01,AblationNPC_00,Guard,10.42,1,1.00
RoomBreached,41,NoLOS,13.73,-5.01,AblationNPC_00,Guard,10.42,1,1.00
RoomBreached,41,NoDistance,13.73,-5.01,AblationNPC_00,Guard,10.42,1,1.00
RoomBreached,41,NoRole,13.73,-5.01,AblationNPC_00,Guard,10.42,1,1.00
RoomBreached,41,NoState,13.73,-5.01,AblationNPC_03,Guard,8.84,1,0.20
RoomBreached,42,Full,6.32,-10.13,AblationNPC_00,Guard,1.43,1,1.00
RoomBreached,42,NoLOS,6.32,-10.13,AblationNPC_00,Guard,1.43,1,1.00
RoomBreached,42,NoDistance,6.32,-10.13,AblationNPC_00,Guard,1.43,1,1.00
RoomBreached,42,NoRole,6.32,-10.13,AblationNPC_00,Guard,1.43,1,1.00
RoomBreached,42,NoState,6.32,-10.13,AblationNPC_00,Guard,1.43,1,1.00
RoomBreached,43,Full,-11.91,-1.44,AblationNPC_06,Guard,12.71,1,0.80
RoomBreached,43,NoLOS,-11.91,-1.44,AblationNPC_00,Guard,19.35,0,1.00
RoomBreached,43,NoDistance,-11.91,-1.44,AblationNPC_06,Guard,12.71,1,0.80
RoomBreached,43,NoRole,-11.91,-1.44,AblationNPC_01,Roamer,2.22,1,0.80
RoomBreached,43,NoState,-11.91,-1.44,AblationNPC_06,Guard,12.71,1,0.80
RoomBreached,44,Full,-5.00,8.28,AblationNPC_03,Guard,14.14,1,0.20
RoomBreached,44,NoLOS,-5.00,8.28,AblationNPC_00,Guard,21.54,0,1.00
RoomBreached,44,NoDistance,-5.00,8.28,AblationNPC_03,Guard,14.14,1,0.20
RoomBreached,44,NoRole,-5.00,8.28,AblationNPC_05,Leader,15.84,1,1.00
RoomBreached,44,NoState,-5.00,8.28,AblationNPC_03,Guard,14.14,1,0.20
RoomBreached,45,Full,-10.54,-10.96,AblationNPC_00,Guard,15.59,1,1.00
RoomBreached,45,NoLOS,-10.54,-10.96,AblationNPC_00,Guard,15.59,1,1.00
RoomBreached,45,NoDistance,-10.54,-10.96,AblationNPC_00,Guard,15.59,1,1.00
RoomBreached,45,NoRole,-10.54,-10.96,AblationNPC_05,Leader,4.49,1,1.00
RoomBreached,45,NoState,-10.54,-10.96,AblationNPC_00,Guard,15.59,1,1.00
RoomBreached,46,Full,-8.53,2.75,AblationNPC_06,Guard,11.91,1,0.80
RoomBreached,46,NoLOS,-8.53,2.75,AblationNPC_00,Guard,19.16,0,1.00
RoomBreached,46,NoDistance,-8.53,2.75,AblationNPC_06,Guard,11.91,1,0.80
RoomBreached,46,NoRole,-8.53,2.75,AblationNPC_01,Roamer,3.40,1,0.80
RoomBreached,46,NoState,-8.53,2.75,AblationNPC_06,Guard,11.91,1,0.80
RoomBreached,47,Full,0.39,14.61,AblationNPC_03,Guard,15.57,1,0.20
RoomBreached,47,NoLOS,0.39,14.61,AblationNPC_00,Guard,25.81,0,1.00
RoomBreached,47,NoDistance,0.39,14.61,AblationNPC_03,Guard,15.57,1,0.20
RoomBreached,47,NoRole,0.39,14.61,AblationNPC_01,Roamer,18.14,1,0.80
RoomBreached,47,NoState,0.39,14.61,AblationNPC_03,Guard,15.57,1,0.20
RoomBreached,48,Full,7.99,5.16,AblationNPC_00,Guard,16.20,1,1.00
RoomBreached,48,NoLOS,7.99,5.16,AblationNPC_00,Guard,16.20,1,1.00
RoomBreached,48,NoDistance,7.99,5.16,AblationNPC_00,Guard,16.20,1,1.00
RoomBreached,48,NoRole,7.99,5.16,AblationNPC_00,Guard,16.20,1,1.00
RoomBreached,48,NoState,7.99,5.16,AblationNPC_03,Guard,4.94,1,0.20
RoomBreached,49,Full,6.45,-6.32,AblationNPC_00,Guard,4.67,1,1.00
RoomBreached,49,NoLOS,6.45,-6.32,AblationNPC_00,Guard,4.67,1,1.00
RoomBreached,49,NoDistance,6.45,-6.32,AblationNPC_00,Guard,4.67,1,1.00
RoomBreached,49,NoRole,6.45,-6.32,AblationNPC_00,Guard,4.67,1,1.00
RoomBreached,49,NoState,6.45,-6.32,AblationNPC_00,Guard,4.67,1,1.00
AllyDownSeen,0,Full,0.52,-13.94,AblationNPC_05,Leader,10.79,0,1.00
AllyDownSeen,0,NoLOS,0.52,-13.94,AblationNPC_05,Leader,10.79,0,1.00
AllyDownSeen,0,NoDistance,0.52,-13.94,AblationNPC_05,Leader,10.79,0,1.00
AllyDownSeen,0,NoRole,0.52,-13.94,AblationNPC_00,Guard,5.52,1,1.00
AllyDownSeen,0,NoState,0.52,-13.94,AblationNPC_05,Leader,10.79,0,1.00
AllyDownSeen,1,Full,9.42,2.32,AblationNPC_05,Leader,19.86,0,1.00
AllyDownSeen,1,NoLOS,9.42,2.32,AblationNPC_05,Leader,19.86,0,1.00
AllyDownSeen,1,NoDistance,9.42,2.32,AblationNPC_05,Leader,19.86,0,1.00
AllyDownSeen,1,NoRole,9.42,2.32,AblationNPC_00,Guard,13.80,1,1.00
AllyDownSeen,1,NoState,9.42,2.32,AblationNPC_03,Guard,3.31,1,0.20
AllyDownSeen,2,Full,-3.08,-10.43,AblationNPC_05,Leader,5.82,1,1.00
AllyDownSeen,2,NoLOS,-3.08,-10.43,AblationNPC_05,Leader,5.82,1,1.00
AllyDownSeen,2,NoDistance,-3.08,-10.43,AblationNPC_05,Leader,5.82,1,1.00
AllyDownSeen,2,NoRole,-3.08,-10.43,AblationNPC_05,Leader,5.82,1,1.00
AllyDownSeen,2,NoState,-3.08,-10.43,AblationNPC_05,Leader,5.82,1,1.00
AllyDownSeen,3,Full,-12.30,6.15,AblationNPC_05,Leader,14.12,1,1.00
AllyDownSeen,3,NoLOS,-12.30,6.15,AblationNPC_05,Leader,14.12,1,1.00
AllyDownSeen,3,NoDistance,-12.30,6.15,AblationNPC_05,Leader,14.12,1,1.00
AllyDownSeen,3,NoRole,-12.30,6.15,AblationNPC_01,Roamer,5.57,1,0.80
AllyDownSeen,3,NoState,-12.30,6.15,AblationNPC_02,Leader,13.48,1,0.50
AllyDownSeen,4,Full,9.49,1.20,AblationNPC_02,Leader,21.14,1,0.50
AllyDownSeen,4,NoLOS,9.49,1.20,AblationNPC_05,Leader,19.40,0,1.00
AllyDownSeen,4,NoDistance,9.49,1.20,AblationNPC_02,Leader,21.14,1,0.50
AllyDownSeen,4,NoRole,9.49,1.20,AblationNPC_00,Guard,12.77,1,1.00
AllyDownSeen,4,NoState,9.49,1.20,AblationNPC_02,Leader,21.14,1,0.50
AllyDownSeen,5,Full,-13.68,6.33,AblationNPC_05,Leader,14.77,1,1.00
AllyDownSeen,5,NoLOS,-13.68,6.33,AblationNPC_05,Leader,14.77,1,1.00
AllyDownSeen,5,NoDistance,-13.68,6.33,AblationNPC_05,Leader,14.77,1,1.00
AllyDownSeen,5,NoRole,-13.68,6.33,AblationNPC_05,Leader,14.77,1,1.00
AllyDownSeen,5,NoState,-13.68,6.33,AblationNPC_02,Leader,13.96,1,0.50
AllyDownSeen,6,Full,-10.57,12.19,AblationNPC_05,Leader,19.64,1,1.00
AllyDownSeen,6,NoLOS,-10.57,12.19,AblationNPC_05,Leader,19.64,1,1.00
AllyDownSeen,6,NoDistance,-10.57,12.19,AblationNPC_05,Leader,19.64,1,1.00
AllyDownSeen,6,NoRole,-10.57,12.19,AblationNPC_05,Leader,19.64,1,1.00
AllyDownSeen,6,NoState,-10.57,12.19,AblationNPC_02,Leader,19.32,1,0.50
AllyDownSeen,7,Full,5.78,0.49,AblationNPC_03,Guard,0.96,1,0.20
AllyDownSeen,7,NoLOS,5.78,0.49,AblationNPC_05,Leader,15.79,0,1.00
AllyDownSeen,7,NoDistance,5.78,0.49,AblationNPC_05,Leader,15.79,0,1.00
AllyDownSeen,7,NoRole,5.78,0.49,AblationNPC_03,Guard,0.96,1,0.20
AllyDownSeen,7,NoState,5.78,0.49,AblationNPC_03,Guard,0.96,1,0.20
AllyDownSeen,8,Full,-9.41,-13.75,AblationNPC_05,Leader,6.63,1,1.00
AllyDownSeen,8,NoLOS,-9.41,-13.75,AblationNPC_05,Leader,6.63,1,1.00
AllyDownSeen,8,NoDistance,-9.41,-13.75,AblationNPC_05,Leader,6.63,1,1.00
AllyDownSeen,8,NoRole,-9.41,-13.75,AblationNPC_05,Leader,6.63,1,1.00
AllyDownSeen,8,NoState,-9.41,-13.75,AblationNPC_05,Leader,6.63,1,1.00
AllyDownSeen,9,Full,-5.75,2.49,AblationNPC_05,Leader,10.02,1,1.00
AllyDownSeen,9,NoLOS,-5.75,2.49,AblationNPC_05,Leader,10.02,1,1.00
AllyDownSeen,9,NoDistance,-5.75,2.49,AblationNPC_05,Leader,10.02,1,1.00
AllyDownSeen,9,NoRole,-5.75,2.49,AblationNPC_05,Leader,10.02,1,1.00
AllyDownSeen,9,NoState,-5.75,2.49,AblationNPC_05,Leader,10.02,1,1.00
AllyDownSeen,10,Full,9.63,-14.88,AblationNPC_05,Leader,19.17,1,1.00
AllyDownSeen,10,NoLOS,9.63,-14.88,AblationNPC_05,Leader,19.17,1,1.00
AllyDownSeen,10,NoDistance,9.63,-14.88,AblationNPC_05,Leader,19.17,1,1.00
AllyDownSeen,10,NoRole,9.63,-14.88,AblationNPC_00,Guard,6.16,1,1.00
AllyDownSeen,10,NoState,9.63,-14.88,AblationNPC_05,Leader,19.17,1,1.00
AllyDownSeen,11,Full,1.07,9.16,AblationNPC_05,Leader,18.76,0,1.00
AllyDownSeen,11,NoLOS,1.07,9.16,AblationNPC_05,Leader,18.76,0,1.00
AllyDownSeen,11,NoDistance,1.07,9.16,AblationNPC_05,Leader,18.76,0,1.00
AllyDownSeen,11,NoRole,1.07,9.16,AblationNPC_01,Roamer,14.94,1,0.80
AllyDownSeen,11,NoState,1.07,9.16,AblationNPC_05,Leader,18.76,0,1.00
AllyDownSeen,12,Full,7.45,-3.46,AblationNPC_05,Leader,15.88,0,1.00
AllyDownSeen,12,NoLOS,7.45,-3.46,AblationNPC_05,Leader,15.88,0,1.00
AllyDownSeen,12,NoDistance,7.45,-3.46,AblationNPC_05,Leader,15.88,0,1.00
AllyDownSeen,12,NoRole,7.45,-3.46,AblationNPC_00,Guard,7.70,1,1.00
AllyDownSeen,12,NoState,7.45,-3.46,AblationNPC_05,Leader,15.88,0,1.00
AllyDownSeen,13,Full,-10.53,-14.21,AblationNPC_05,Leader,7.39,1,1.00
AllyDownSeen,13,NoLOS,-10.53,-14.21,AblationNPC_05,Leader,7.39,1,1.00
AllyDownSeen,13,NoDistance,-10.53,-14.21,AblationNPC_05,Leader,7.39,1,1.00
AllyDownSeen,13,NoRole,-10.53,-14.21,AblationNPC_05,Leader,7.39,1,1.00
AllyDownSeen,13,NoState,-10.53,-14.21,AblationNPC_02,Leader,7.11,1,0.50
AllyDownSeen,14,Full,-13.47,8.45,AblationNPC_05,Leader,16.67,1,1.00
AllyDownSeen,14,NoLOS,-13.47,8.45,AblationNPC_05,Leader,16.67,1,1.00
AllyDownSeen,14,NoDistance,-13.47,8.45,AblationNPC_05,Leader,16.67,1,1.00
AllyDownSeen,14,NoRole,-13.47,8.45,AblationNPC_05,Leader,16.67,1,1.00
AllyDownSeen,14,NoState,-13.47,8.45,AblationNPC_02,Leader,15.97,1,0.50
AllyDownSeen,15,Full,3.79,-11.54,AblationNPC_00,Guard,1.47,1,1.00
AllyDownSeen,15,NoLOS,3.79,-11.54,AblationNPC_05,Leader,12.51,0,1.00
AllyDownSeen,15,NoDistance,3.79,-11.54,AblationNPC_02,Leader,14.43,1,0.50
AllyDownSeen,15,NoRole,3.79,-11.54,AblationNPC_00,Guard,1.47,1,1.00
AllyDownSeen,15,NoState,3.79,-11.54,AblationNPC_02,Leader,14.43,1,0.50
AllyDownSeen,16,Full,-7.50,8.17,AblationNPC_05,Leader,15.46,1,1.00
AllyDownSeen,16,NoLOS,-7.50,8.17,AblationNPC_05,Leader,15.46,1,1.00
AllyDownSeen,16,NoDistance,-7.50,8.17,AblationNPC_05,Leader,15.46,1,1.00
AllyDownSeen,16,NoRole,-7.50,8.17,AblationNPC_05,Leader,15.46,1,1.00
AllyDownSeen,16,NoState,-7.50,8.17,AblationNPC_05,Leader,15.46,1,1.00
AllyDownSeen,17,Full,-6.31,4.44,AblationNPC_05,Leader,11.84,1,1.00
AllyDownSeen,17,NoLOS,-6.31,4.44,AblationNPC_05,Leader,11.84,1,1.00
AllyDownSeen,17,NoDistance,-6.31,4.44,AblationNPC_05,Leader,11.84,1,1.00
AllyDownSeen,17,NoRole,-6.31,4.44,AblationNPC_05,Leader,11.84,1,1.00
AllyDownSeen,17,NoState,-6.31,4.44,AblationNPC_05,Leader,11.84,1,1.00
AllyDownSeen,18,Full,-10.69,-13.67,AblationNPC_05,Leader,6.94,1,1.00
AllyDownSeen,18,NoLOS,-10.69,-13.67,AblationNPC_05,Leader,6.94,1,1.00
AllyDownSeen,18,NoDistance,-10.69,-13.67,AblationNPC_05,Leader,6.94,1,1.00
AllyDownSeen,18,NoRole,-10.69,-13.67,AblationNPC_05,Leader,6.94,1,1.00
AllyDownSeen,18,NoState,-10.69,-13.67,AblationNPC_02,Leader,6.58,1,0.50
AllyDownSeen,19,Full,3.14,0.48,AblationNPC_05,Leader,13.54,0,1.00
AllyDownSeen,19,NoLOS,3.14,0.48,AblationNPC_05,Leader,13.54,0,1.00
AllyDownSeen,19,NoDistance,3.14,0.48,AblationNPC_05,Leader,13.54,0,1.00
AllyDownSeen,19,NoRole,3.14,0.48,AblationNPC_00,Guard,11.41,0,1.00
AllyDownSeen,19,NoState,3.14,0.48,AblationNPC_05,Leader,13.54,0,1.00
AllyDownSeen,20,Full,-13.48,-2.39,AblationNPC_05,Leader,7.37,1,1.00
AllyDownSeen,20,NoLOS,-13.48,-2.39,AblationNPC_05,Leader,7.37,1,1.00
AllyDownSeen,20,NoDistance,-13.48,-2.39,AblationNPC_05,Leader,7.37,1,1.00
AllyDownSeen,20,NoRole,-13.48,-2.39,AblationNPC_01,Roamer,3.80,1,0.80
AllyDownSeen,20,NoState,-13.48,-2.39,AblationNPC_02,Leader,5.90,1,0.50
AllyDownSeen,21,Full,6.20,3.85,AblationNPC_05,Leader,18.01,0,1.00
AllyDownSeen,21,NoLOS,6.20,3.85,AblationNPC_05,Leader,18.01,0,1.00
AllyDownSeen,21,NoDistance,6.20,3.85,AblationNPC_05,Leader,18.01,0,1.00
AllyDownSeen,21,NoRole,6.20,3.85,AblationNPC_00,Guard,14.67,1,1.00
AllyDownSeen,21,NoState,6.20,3.85,AblationNPC_05,Leader,18.01,0,1.00
AllyDownSeen,22,Full,-8.45,-14.60,AblationNPC_05,Leader,7.34,0,1.00
AllyDownSeen,22,NoLOS,-8.45,-14.60,AblationNPC_05,Leader,7.34,0,1.00
AllyDownSeen,22,NoDistance,-8.45,-14.60,AblationNPC_05,Leader,7.34,0,1.00
AllyDownSeen,22,NoRole,-8.45,-14.60,AblationNPC_05,Leader,7.34,0,1.00
AllyDownSeen,22,NoState,-8.45,-14.60,AblationNPC_05,Leader,7.34,0,1.00
AllyDownSeen,23,Full,-4.05,-6.98,AblationNPC_07,Roamer,0.52,0,0.50
AllyDownSeen,23,NoLOS,-4.05,-6.98,AblationNPC_07,Roamer,0.52,0,0.50
AllyDownSeen,23,NoDistance,-4.05,-6.98,AblationNPC_05,Leader,3.93,0,1.00
AllyDownSeen,23,NoRole,-4.05,-6.98,AblationNPC_07,Roamer,0.52,0,0.50
AllyDownSeen,23,NoState,-4.05,-6.98,AblationNPC_07,Roamer,0.52,0,0.50
AllyDownSeen,24,Full,-12.94,6.55,AblationNPC_05,Leader,14.69,1,1.00
AllyDownSeen,24,NoLOS,-12.94,6.55,AblationNPC_05,Leader,14.69,1,1.00
AllyDownSeen,24,NoDistance,-12.94,6.55,AblationNPC_05,Leader,14.69,1,1.00
AllyDownSeen,24,NoRole,-12.94,6.55,AblationNPC_05,Leader,14.69,1,1.00
AllyDownSeen,24,NoState,-12.94,6.55,AblationNPC_02,Leader,13.99,1,0.50
AllyDownSeen,25,Full,-12.87,-1.08,AblationNPC_05,Leader,7.91,1,1.00
AllyDownSeen,25,NoLOS,-12.87,-1.08,AblationNPC_05,Leader,7.91,1,1.00
AllyDownSeen,25,NoDistance,-12.87,-1.08,AblationNPC_05,Leader,7.91,1,1.00
AllyDownSeen,25,NoRole,-12.87,-1.08,AblationNPC_01,Roamer,2.40,1,0.80
AllyDownSeen,25,NoState,-12.87,-1.08,AblationNPC_02,Leader,6.72,1,0.50
AllyDownSeen,26,Full,-14.64,8.93,AblationNPC_05,Leader,17.54,1,1.00
AllyDownSeen,26,NoLOS,-14.64,8.93,AblationNPC_05,Leader,17.54,1,1.00
AllyDownSeen,26,NoDistance,-14.64,8.93,AblationNPC_05,Leader,17.54,1,1.00
AllyDownSeen,26,NoRole,-14.64,8.93,AblationNPC_05,Leader,17.54,1,1.00
AllyDownSeen,26,NoState,-14.64,8.93,AblationNPC_02,Leader,16.73,1,0.50
AllyDownSeen,27,Full,-1.82,0.40,AblationNPC_05,Leader,9.84,0,1.00
AllyDownSeen,27,NoLOS,-1.82,0.40,AblationNPC_05,Leader,9.84,0,1.00
AllyDownSeen,27,NoDistance,-1.82,0.40,AblationNPC_05,Leader,9.84,0,1.00
AllyDownSeen,27,NoRole,-1.82,0.40,AblationNPC_05,Leader,9.84,0,1.00
AllyDownSeen,27,NoState,-1.82,0.40,AblationNPC_05,Leader,9.84,0,1.00
AllyDownSeen,28,Full,-0.01,-14.73,AblationNPC_05,Leader,10.90,0,1.00
AllyDownSeen,28,NoLOS,-0.01,-14.73,AblationNPC_05,Leader,10.90,0,1.00
AllyDownSeen,28,NoDistance,-0.01,-14.73,AblationNPC_05,Leader,10.90,0,1.00
AllyDownSeen,28,NoRole,-0.01,-14.73,AblationNPC_00,Guard,6.42,1,1.00
AllyDownSeen,28,NoState,-0.01,-14.73,AblationNPC_05,Leader,10.90,0,1.00
AllyDownSeen,29,Full,9.87,-14.61,AblationNPC_02,Leader,21.18,1,0.50
AllyDownSeen,29,NoLOS,9.87,-14.61,AblationNPC_05,Leader,19.28,0,1.00
AllyDownSeen,29,NoDistance,9.87,-14.61,AblationNPC_02,Leader,21.18,1,0.50
AllyDownSeen,29,NoRole,9.87,-14.61,AblationNPC_00,Guard,6.16,1,1.00
AllyDownSeen,29,NoState,9.87,-14.61,AblationNPC_02,Leader,21.18,1,0.50
AllyDownSeen,30,Full,-14.91,-13.09,AblationNPC_05,Leader,9.05,1,1.00
AllyDownSeen,30,NoLOS,-14.91,-13.09,AblationNPC_05,Leader,9.05,1,1.00
AllyDownSeen,30,NoDistance,-14.91,-13.09,AblationNPC_05,Leader,9.05,1,1.00
AllyDownSeen,30,NoRole,-14.91,-13.09,AblationNPC_05,Leader,9.05,1,1.00
AllyDownSeen,30,NoState,-14.91,-13.09,AblationNPC_02,Leader,7.76,1,0.50
AllyDownSeen,31,Full,4.62,-13.96,AblationNPC_05,Leader,14.25,1,1.00
AllyDownSeen,31,NoLOS,4.62,-13.96,AblationNPC_05,Leader,14.25,1,1.00
AllyDownSeen,31,NoDistance,4.62,-13.96,AblationNPC_05,Leader,14.25,1,1.00
AllyDownSeen,31,NoRole,4.62,-13.96,AblationNPC_00,Guard,3.22,1,1.00
AllyDownSeen,31,NoState,4.62,-13.96,AblationNPC_05,Leader,14.25,1,1.00
AllyDownSeen,32,Full,12.41,12.87,AblationNPC_05,Leader,28.65,0,1.00
AllyDownSeen,32,NoLOS,12.41,12.87,AblationNPC_05,Leader,28.65,0,1.00
AllyDownSeen,32,NoDistance,12.41,12.87,AblationNPC_05,Leader,28.65,0,1.00
AllyDownSeen,32,NoRole,12.41,12.87,AblationNPC_00,Guard,24.76,1,1.00
AllyDownSeen,32,NoState,12.41,12.87,AblationNPC_05,Leader,28.65,0,1.00
AllyDownSeen,33,Full,-1.16,-3.74,AblationNPC_02,Leader,9.41,1,0.50
AllyDownSeen,33,NoLOS,-1.16,-3.74,AblationNPC_05,Leader,7.66,0,1.00
AllyDownSeen,33,NoDistance,-1.16,-3.74,AblationNPC_02,Leader,9.41,1,0.50
AllyDownSeen,33,NoRole,-1.16,-3.74,AblationNPC_06,Guard,2.12,1,0.80
AllyDownSeen,33,NoState,-1.16,-3.74,AblationNPC_02,Leader,9.41,1,0.50
AllyDownSeen,34,Full,3.50,-13.67,AblationNPC_05,Leader,13.12,1,1.00
AllyDownSeen,34,NoLOS,3.50,-13.67,AblationNPC_05,Leader,13.12,1,1.00
AllyDownSeen,34,NoDistance,3.50,-13.67,AblationNPC_05,Leader,13.12,1,1.00
AllyDownSeen,34,NoRole,3.50,-13.67,AblationNPC_00,Guard,3.28,1,1.00
AllyDownSeen,34,NoState,3.50,-13.67,AblationNPC_05,Leader,13.12,1,1.00
AllyDownSeen,35,Full,-3.82,-10.74,AblationNPC_05,Leader,5.40,1,1.00
AllyDownSeen,35,NoLOS,-3.82,-10.74,AblationNPC_05,Leader,5.40,1,1.00
AllyDownSeen,35,NoDistance,-3.82,-10.74,AblationNPC_05,Leader,5.40,1,1.00
AllyDownSeen,35,NoRole,-3.82,-10.74,AblationNPC_05,Leader,5.40,1,1.00
AllyDownSeen,35,NoState,-3.82,-10.74,AblationNPC_05,Leader,5.40,1,1.00
AllyDownSeen,36,Full,-1.89,8.77,AblationNPC_05,Leader,17.16,1,1.00
AllyDownSeen,36,NoLOS,-1.89,8.77,AblationNPC_05,Leader,17.16,1,1.00
AllyDownSeen,36,NoDistance,-1.89,8.77,AblationNPC_05,Leader,17.16,1,1.00
AllyDownSeen,36,NoRole,-1.89,8.77,AblationNPC_05,Leader,17.16,1,1.00
AllyDownSeen,36,NoState,-1.89,8.77,AblationNPC_05,Leader,17.16,1,1.00
AllyDownSeen,37,Full,0.97,-2.98,AblationNPC_02,Leader,11.68,1,0.50
AllyDownSeen,37,NoLOS,0.97,-2.98,AblationNPC_05,Leader,9.91,0,1.00
AllyDownSeen,37,NoDistance,0.97,-2.98,AblationNPC_02,Leader,11.68,1,0.50
AllyDownSeen,37,NoRole,0.97,-2.98,AblationNPC_06,Guard,2.54,1,0.80
AllyDownSeen,37,NoState,0.97,-2.98,AblationNPC_02,Leader,11.68,1,0.50
AllyDownSeen,38,Full,-6.08,12.22,AblationNPC_05,Leader,19.59,1,1.00
AllyDownSeen,38,NoLOS,-6.08,12.22,AblationNPC_05,Leader,19.59,1,1.00
AllyDownSeen,38,NoDistance,-6.08,12.22,AblationNPC_05,Leader,19.59,1,1.00
AllyDownSeen,38,NoRole,-6.08,12.22,AblationNPC_05,Leader,19.59,1,1.00
AllyDownSeen,38,NoState,-6.08,12.22,AblationNPC_05,Leader,19.59,1,1.00
AllyDownSeen,39,Full,2.60,7.05,AblationNPC_05,Leader,17.81,0,1.00
AllyDownSeen,39,NoLOS,2.60,7.05,AblationNPC_05,Leader,17.81,0,1.00
AllyDownSeen,39,NoDistance,2.60,7.05,AblationNPC_05,Leader,17.81,0,1.00
AllyDownSeen,39,NoRole,2.60,7.05,AblationNPC_01,Roamer,15.23,1,0.80
AllyDownSeen,39,NoState,2.60,7.05,AblationNPC_05,Leader,17.81,0,1.00
AllyDownSeen,40,Full,-14.42,11.45,AblationNPC_05,Leader,19.81,1,1.00
AllyDownSeen,40,NoLOS,-14.42,11.45,AblationNPC_05,Leader,19.81,1,1.00
AllyDownSeen,40,NoDistance,-14.42,11.45,AblationNPC_05,Leader,19.81,1,1.00
AllyDownSeen,40,NoRole,-14.42,11.45,AblationNPC_05,Leader,19.81,1,1.00
AllyDownSeen,40,NoState,-14.42,11.45,AblationNPC_02,Leader,19.10,1,0.50
AllyDownSeen,41,Full,13.73,-5.01,AblationNPC_05,Leader,21.81,0,1.00
AllyDownSeen,41,NoLOS,13.73,-5.01,AblationNPC_05,Leader,21.81,0,1.00
AllyDownSeen,41,NoDistance,13.73,-5.01,AblationNPC_05,Leader,21.81,0,1.00
AllyDownSeen,41,NoRole,13.73,-5.01,AblationNPC_00,Guard,10.42,1,1.00
AllyDownSeen,41,NoState,13.73,-5.01,AblationNPC_05,Leader,21.81,0,1.00
AllyDownSeen,42,Full,6.32,-10.13,AblationNPC_00,Guard,1.43,1,1.00
AllyDownSeen,42,NoLOS,6.32,-10.13,AblationNPC_05,Leader,14.56,0,1.00
AllyDownSeen,42,NoDistance,6.32,-10.13,AblationNPC_02,Leader,16.54,1,0.50
AllyDownSeen,42,NoRole,6.32,-10.13,AblationNPC_00,Guard,1.43,1,1.00
AllyDownSeen,42,NoState,6.32,-10.13,AblationNPC_02,Leader,16.54,1,0.50
AllyDownSeen,43,Full,-11.91,-1.44,AblationNPC_05,Leader,7.05,1,1.00
AllyDownSeen,43,NoLOS,-11.91,-1.44,AblationNPC_05,Leader,7.05,1,1.00
AllyDownSeen,43,NoDistance,-11.91,-1.44,AblationNPC_05,Leader,7.05,1,1.00
AllyDownSeen,43,NoRole,-11.91,-1.44,AblationNPC_01,Roamer,2.22,1,0.80
AllyDownSeen,43,NoState,-11.91,-1.44,AblationNPC_02,Leader,6.01,1,0.50
AllyDownSeen,44,Full,-5.00,8.28,AblationNPC_05,Leader,15.84,1,1.00
AllyDownSeen,44,NoLOS,-5.00,8.28,AblationNPC_05,Leader,15.84,1,1.00
AllyDownSeen,44,NoDistance,-5.00,8.28,AblationNPC_05,Leader,15.84,1,1.00
AllyDownSeen,44,NoRole,-5.00,8.28,AblationNPC_05,Leader,15.84,1,1.00
AllyDownSeen,44,NoState,-5.00,8.28,AblationNPC_05,Leader,15.84,1,1.00
AllyDownSeen,45,Full,-10.54,-10.96,AblationNPC_05,Leader,4.49,1,1.00
AllyDownSeen,45,NoLOS,-10.54,-10.96,AblationNPC_05,Leader,4.49,1,1.00
AllyDownSeen,45,NoDistance,-10.54,-10.96,AblationNPC_05,Leader,4.49,1,1.00
AllyDownSeen,45,NoRole,-10.54,-10.96,AblationNPC_05,Leader,4.49,1,1.00
AllyDownSeen,45,NoState,-10.54,-10.96,AblationNPC_02,Leader,3.88,1,0.50
AllyDownSeen,46,Full,-8.53,2.75,AblationNPC_05,Leader,10.05,1,1.00
AllyDownSeen,46,NoLOS,-8.53,2.75,AblationNPC_05,Leader,10.05,1,1.00
AllyDownSeen,46,NoDistance,-8.53,2.75,AblationNPC_05,Leader,10.05,1,1.00
AllyDownSeen,46,NoRole,-8.53,2.75,AblationNPC_01,Roamer,3.40,1,0.80
AllyDownSeen,46,NoState,-8.53,2.75,AblationNPC_02,Leader,9.97,1,0.50
AllyDownSeen,47,Full,0.39,14.61,AblationNPC_02,Leader,24.06,1,0.50
AllyDownSeen,47,NoLOS,0.39,14.61,AblationNPC_05,Leader,23.43,0,1.00
AllyDownSeen,47,NoDistance,0.39,14.61,AblationNPC_02,Leader,24.06,1,0.50
AllyDownSeen,47,NoRole,0.39,14.61,AblationNPC_01,Roamer,18.14,1,0.80
AllyDownSeen,47,NoState,0.39,14.61,AblationNPC_02,Leader,24.06,1,0.50
AllyDownSeen,48,Full,7.99,5.16,AblationNPC_05,Leader,20.23,0,1.00
AllyDownSeen,48,NoLOS,7.99,5.16,AblationNPC_05,Leader,20.23,0,1.00
AllyDownSeen,48,NoDistance,7.99,5.16,AblationNPC_05,Leader,20.23,0,1.00
AllyDownSeen,48,NoRole,7.99,5.16,AblationNPC_00,Guard,16.20,1,1.00
AllyDownSeen,48,NoState,7.99,5.16,AblationNPC_05,Leader,20.23,0,1.00
AllyDownSeen,49,Full,6.45,-6.32,AblationNPC_05,Leader,14.44,0,1.00
AllyDownSeen,49,NoLOS,6.45,-6.32,AblationNPC_05,Leader,14.44,0,1.00
AllyDownSeen,49,NoDistance,6.45,-6.32,AblationNPC_05,Leader,14.44,0,1.00
AllyDownSeen,49,NoRole,6.45,-6.32,AblationNPC_00,Guard,4.67,1,1.00
AllyDownSeen,49,NoState,6.45,-6.32,AblationNPC_05,Leader,14.44,0,1.00
